,Solvent,CHEM21,CHEM21 Numerical,Molecular Weight,Boiling Point,Melting Point,Density,Viscosity,Vapor Pressure,Refractive Index,LogP,Dipole Moment,Dielectric Constant,Alpha,Beta,Pi,Dispersion,Polarity,H Bonding,Molar Volume,Alternative Name,Functional Group,Grignard,Amide Coupling 1,Amide Coupling 2,Heck,Baylis-Hillman,Suzuki-Miyaura Pd,Suzuki-Miyaura Ni,Buchwald-Hartwig,Alkene Metathesis,SNAr,cost
361,Water,Recommended,3,18.02,100,0,0.995,0.89,23.8,1.333,-1.38,1.86,80.1,1.17,0.47,1.09,15.5,16,42.3,18.10572864,Water,No Group,,,,,,,,,,,1 Ã‚Â£/L
360,Methanol,Recommended,3,32.04,64.7,-97.8,0.7866,0.54,127,1.3292,-0.77,1.7,32.7,0.98,0.66,0.6,15.1,12.3,22.3,40.73480803,Methanol,Alcohol,,,,,,,,,28,,31 Ã‚Â£/L
359,Ace-nitrile,Problematic,2,41.05,81.6,-44,0.79,0.35,88.8,1.33934,-0.34,3.94,37.5,0.19,0.4,0.75,15.3,18,6.1,51.96506329,Ace-nitrile,No Group,,,80,58,50,,99,,,,73 Ã‚Â£/L
358,acetaldehyde,,,44.03,20.2,-123,0.79,0.21,902,1.37,0.63,2.69,12.25639428,0.477764021,0.537466047,0.622305191,14.7,8,11.3,57.1,,,,,,,,,,,,,
357,formamide,,,45.02,207,2.5,1.13,7.834940235,62.04602847,1.44754,-1.51,3.322234832,84,0.71,0.48,0.97,17.2,26.2,19,39.8,,,,,,,,,,,,,
356,formicacid,#FFD700,,46,100.56,4,1.214,1.966,42.603,1.369,0.54,2.553553366,29.72669299,1.23,0.38,0.65,14.3,11.9,16.6,37.8,,,,,,,,,,,,,
355,Ethanol,Recommended,3,46.07,78.24,-114.1,0.7893,1.07,59.3,1.3611,-0.31,1.69,24.55,0.86,0.75,0.54,15.8,8.8,19.4,58.366654,Ethanol,Alcohol,,,,,,,,,,,40 Ã‚Â£/L
354,acrylonitrile,,,53.03,77,-84,0.81,0.714102624,109,1.3911,0.25,3.057803873,38,-0.017805546,0.57629199,0.69493552,16.4,17.4,6.8,67.1,,,,,,,,,,,,,
353,propionitrile,,,55.04,97,-92,0.78,0.389,143.4657425,1.36585,0.16,3.119582859,24.90145609,0.129786055,0.494237609,0.692807721,15.3,14.3,5.5,70.9,,,,,,,,,,,,,
352,allylalcohol,,,58.04,97,-129,0.85,1.218,25.4,1.41345,0.17,1.962208835,22,0.76158947,0.68459904,0.650477145,16.2,10.8,16.8,68.4,,,,,,,,,,,,,
351,Acetone,Recommended,3,58.08,56.08,-94.9,0.7845,0.32,231,1.3588,-0.24,2.88,20.7,0.08,0.43,0.71,15.5,10.4,7,74.03416189,Ace-ne,No Group,,,,,,,96,,,,28 Ã‚Â£/L
350,N-methylformamide,,,59.04,182.5,-3,0.9961,7.3103834,42.09322225,1.4319,-0.0624,3.231050708,182.4,0.62,0.8,0.9,17.59070134,13.52124128,14.4437109,68.06261847,,,,,,,,,,,,,
349,propylamine,,,59.07,48,-83,0.717,5.545201469,310,1.387,0.15,1.295104642,13.91834435,0.621524029,0.692774758,0.433363823,17,4.9,8.6,83,,,,,,,,,,,,,
348,methyl formate,,,60.02,32,-100,0.98,0.325,585.7,1.3433,-0.21,1.590488401,8.5,0,0.37,0.62,15.97771587,7.311228123,7.505054602,55.91377279,,,,,,,,,,,,,
347,Acetic acid,Problematic,2,60.05,117.9,16.6,1.0446,1.056,15.7,1.372,-0.17,1.7,6.2,1.12,0.45,0.64,14.5,8,13.5,57.48841662,Acetic acid,No Group,,,,,,,,,,,36 Ã‚Â£/L
346,1-propanol,,,60.06,97,-127,0.81,2.256,49.4187257,1.3855,0.25,1.68,15.83934251,0.65562004,0.756799458,0.495271466,16,6.8,17.4,75.2,,,,,,,,,,,,,
344,ethylenediamine,,,60.07,117,8.5,0.91,0.0154,-5.457157372,1.4565,-1.2,1.9,32.43528546,0.373625357,0.730074471,0.880037312,16.6,8.8,17,67.3,,,,,,,,,,,,,
345,"n,ndimethylhydrazine",,,60.07,64,-58,0.79,2.244602346,167,1.40753,-1.19,1.734592186,22.02124578,0.742389581,0.635676716,0.554886004,15.3,5.9,11,76,,,,,,,,,,,,,
343,Isopropyl alcohol,Recommended,3,60.1,82.3,-88.5,0.78509,2.04,45.4,1.377,0.05,1.59,19.4,0.76,0.95,0.48,15.8,6.1,16.4,76.54612847,,Alcohol,,100,,,,,,,31,,47 Ã‚Â£/L
341,ethanethiol,,,62.02,37.3,-98,0.85,0.514939014,502,1.432,0.84,0.322447283,-1.595561371,0,0.34,0.57,17.72649736,0.923784846,1.49188461,93.42085017,,,,,,,,,,,,,
342,dimethyl sulfide,,,62.02,35,-144.4,0.84,3.636848433,529,1.428,1.5,1.533484144,13.43869112,0.302971407,0.445169732,0.439857486,15.8,6.5,7.2,74.3,,,,,,,,,,,,,
340,Ethylene glycol,Recommended,3,62.07,197.3,-12.69,1.1135,16.1,0.092,1.4318,-1.36,2.31,37.7,0.9,0.52,0.92,17,11,26,55.7415357,Ethylene Glycol,No Group,,,,,,,,,,,23 Ã‚Â£/L
339,Nitromethane,Highly Hazardous,0,64.06,101.1,-28.7,1.1371,0.63,35.8,1.3817,-0.35,3.46,39.4,0.22,0.06,0.85,15.8,18.8,5.1,56.33541465,Nitromethane,No Group,,,,,,,,,,,96 Ã‚Â£/L
338,1h-pyrrole,,,67.04,130.5,-24,0.96,4.1123,42.09322225,1.5085,0.75,3.231050708,37.27956908,0.263622919,0.717616954,0.905446326,17.95020649,12.07667023,13.25233025,80.68947063,,,,,,,,,,,,,
337,furan,,,68.03,31.3,-85.6,0.94,0.38,600,1.4214,1.34,0.387208733,3,-0.107214115,0.127812163,0.488357754,17.8,1.8,5.3,72.5,,,,,,,,,,,,,
336,butyronitrile,,,69.06,117,-112,0.81,0.6,69.74754319,1.38385,0.55,3.328925195,20.7,-0.06162496,0.532243706,0.677808523,15.3,12.5,5.1,87,,,,,,,,,,,,,
335,dimethylcyanamide,,,70.05,163.5,-41,0.876,2.151162329,59.57094008,1.4089,-1.326364894,3.627322688,33.22410082,0,0.64,0.72,16.85791699,12.0903798,8.60120698,76.90771169,,,,,,,,,,,,,
334,cyclopentane,,,70.08,49,-94,0.75,0.44,317.8,1.4065,3,0,1.588719367,-0.006231548,0.225278524,0.16446835,16.22556643,1.480910816,-0.98375643,98.29686021,,,,,,,,,,,,,
333,3-hydroxypropionitrile,,,71.04,221,-46,1.04,8.367650451,56.57873349,1.4248,-0.94,3.322234832,40.69058387,0.376990217,0.497315625,0.876374533,17.2,18.8,17.6,68.3,,,,,,,,,,,,,
332,butyraldehyde,,,72.06,74.8,-99,0.799,0.45,111,1.382,0.88,2.72,13.4,0.077156422,0.531789928,0.580694605,14.7,5.3,7,88.5,,,,,,,,,,,,,
331,2-methylbutane,,,72.09,28,-160,0.6,0.214,291.230829,1.3537,2.3,0.13,2.450162633,0,0.01,-0.08,15.40037465,1.351940359,0.8033838,103.6059501,,,,,,,,,,,,,
329,Methyl ethyl ke-ne,Problematic,2,72.11,65,-108.44,0.89,0.46,162,1.407,0.47,1.7,7.58,0,0.55,0.58,16.8,5.7,8,81.01865169,Tetrahydrofuran,No Group,54,,84,,,94,,,,,27 Ã‚Â£/L
330,Tetrahydrofuran,Recommended,3,72.11,79.59,-86.67,0.7997,0.41,90.6,1.3788,0.29,2.76,18.4,0.06,0.48,0.67,16,9,5.1,90.16706265,MEK,No Group,,,,,,,,,,,24 Ã‚Â£/L
328,Pentane,Hazardous,1,72.15,36.06,-129.67,0.6262,0.216,514.04,1.3575,3.39,0,1.8,0,0,-0.08,15.6,0,0,115.2184606,Pentane,Alkane,,,,,,,,,,,71 Ã‚Â£/L
327,N-methylacetamide,,,73.05,205,28,0.9371,7.3103834,42.09322225,1.4301,-1.05,3.231050708,42.62521322,0.47,0.8,1.01,17.53271921,13.52124128,14.35372592,68.06261847,,,,,,,,,,,,,
322,Dimethylformamide,,,73.09,152.8,-60.3,0.9445,0.79,3.87,1.42083,-1.01,3.82,36.71,0,0.69,0.88,17.4,13.7,11.3,77.38951826,,,,,,,,,,,,,
323,butylamine,,,73.09,78,-50,0.74,0.574,92.9,1.401,0.86,1.39,4.424006597,0,0.72,0.31,16.2,4.5,8,99,,,,,,,,,,,,,
324,diethylamine,,,73.09,68.5,-85,0.734,3.216586231,138,1.394,0.73,1.27,4.5,0.172565407,0.56222887,0.264302396,14.94271349,1.016758304,7.25032858,96.34834704,,,,,,,,,,,,,
325,2-methylpropan-1-amine,,,73.09,55.5,-50,0.71,0.319,237,1.3864,0.58,0.92,3.7,0.3,0.7,0.24,14.9,2.3,6.1,103.2,,,,,,,,,,,,,
326,2-methylpropan-2-amine,Hazardous,1,73.09,45,-72.65,0.6958,4.825481821,372,1.3784,0.4,0.672894303,8.239186301,0.69546935,0.643196239,0.25871493,15.00085847,2.183506776,10.9441139,95.29561483,Dimethylformamide,No Group,,100,,69,88,,,,,,32 Ã‚Â£/L
320,1-butanol,#FFD700,,74,117.6,-89,0.81,2.544,6.698,1.3988,0.785,1.66,10.49138542,0.573175679,0.81472628,0.400389806,16,5.7,15.8,91.5,,,,,,,,,,,,,
321,methylacetate,#9ACD32,,74,57.4,-98,0.928,0.364,21.602,1.3614,0.18,1.68,6.7,0,0.42,0.6,15.5,7.2,7.6,79.7,,,,,,,,,,,,,
317,"1,3-dioxolane",,,74.04,78,-95,1.06,-0.275410517,193.9203524,1.3974,-0.37,2.191143913,14.29307461,0,0.45,0.69,18.1,6.6,9.3,69.9,,,,,,,,,,,,,
318,ethylformate,,,74.04,141,-21,0.99,1.02,3.53,1.3865,0.33,1.623293836,17.70975534,1.12,0.45,0.58,15.5124484,7.733659273,20.06130598,75.40540677,,,,,,,,,,,,,
319,propanoic acid,,,74.04,53,-80,0.92,-2.489974322,245,1.361,0.23,1.545200635,7.1,0,0.36,0.61,15.5,8.4,8.4,80.2,,,,,,,,,,,,,
314,Diethyl ether,Recommended,3,74.12,108,-108,0.8018,3.332,10.4,1.3955,0.76,1.64,17.7,0.79,0.84,0.4,15.1,5.7,15.9,92.44499875,t-Butanol,Alcohol,,,,,,,,,,,34 Ã‚Â£/L
315,i-Butanol,No Ranking,,74.12,82.3,25.7,0.7886,4.3839,40.7,1.3878,0.35,1.31,10.9,0.42,0.93,0.41,15.2,5.1,14.7,93.99239158,,Alcohol,,,,,,,,,,,60 Ã‚Â£/L
316,t-Butanol,Highly Hazardous,0,74.12,34.6,-116.3,0.7134,0.22,538,1.35555,0.89,1.15,4.3,0,0.47,0.27,14.5,2.9,5.1,103.9001962,Diethyl ether,No Group,81,,,,,,,,,,20 Ã‚Â£/L
313,chloroace-nitrile,,,74.99,126,-45.82431216,1.19,-0.999945168,244.3394057,1.4225,0.23,3.375314547,36.08225847,0,0.34,1.01,18.59261,14.1439662,4.888583942,64.93332306,,,,,,,,,,,,,
312,nitroethane,,,75.03,114,-90,1.05,-0.926929767,20.8,1.3917,0.2,3.65,28,-0.049937009,0.350100599,0.859001174,16,15.5,4.5,71.5,,,,,,,,,,,,,
310,carbondisulfide,#FFD700,,76,46.3,-110.8,1.266,0.36,300,1.624,1.84,0.612459651,3.208121978,0,0.07,0.61,20.5,0,0.6,60,,,,,,,,,,,,,
311,3-propanediol,#FF6347,,76,214.4,-26.7,1.04,40.01,0.044,1.439,-1.093,3.322234832,37.69879488,0.376990217,0.526258959,0.918445338,16.8,13.5,23.2,72.5,,,,,,,,,,,,,
309,"propane-1,2-diol",,,76.05,188.2,-59,1.04,0.581,173.2401073,1.4324,-0.92,3.63,40.68124946,-0.273553063,0.344285464,0.967209029,18.40627975,13.85305236,4.888583942,62.2288357,,,,,,,,,,,,,
308,2-Methoxyethanol,Hazardous,1,76.1,124.1,-85.1,0.9647,1.544,9.5,1.4024,-0.77,2.04,16.93,0.264705882,0.419019608,0.624716981,16.2,9.2,16.4,78.87944439,Methoxyethanol,No Group,,,,,,,,,,,40 Ã‚Â£/L
307,acetylchloride,,,77.99,51,-112,1.11,1.673563719,287,1.3898,-0.47,3.289652222,41.67166543,0.217109313,0.206187529,0.775180376,15.8,10.6,3.9,71,,,,,,,,,,,,,
306,1-chloropropane,,,78.02,46.6,-122.8,0.8899,2.182573259,344.4,1.3879,2.04,2.05,12.04653538,0.424644936,0.138027488,0.549603933,16,7.8,2,88.1,,,,,,,,,,,,,
305,Benzene,Highly Hazardous,0,78.11,80.08,5.558,0.8756,0.604,94.8,1.5011,2.13,0,2.275,0,0.1,0.59,18.4,0,2,89.21128369,Benzene,Arene,,,,,,,,,,,48 Ã‚Â£/L
304,Dimethyl sulfoxide,Problematic,2,78.13,189,18.45,1.1,1.99,0.6,1.4783,-1.35,3.96,46.68,0,0.76,1,18.4,16.4,10.2,71.02618182,Dimethylsulfoxide,No Group,,,87,63.5,60,,0,,,,160 Ã‚Â£/L
303,Pyridine,Hazardous,1,79.1,115.25,-41.6,0.98272,0.88,20.8,1.5092,0.65,2.19,12.5,0,0.64,0.87,19,8.8,5.9,80.49088245,Pyridine,No Group,,,,,,,,,,,130 Ã‚Â£/L
302,2-chloroethanol,,,80,129,-67,1.2,7.340438466,65.57524419,1.4419,-0.06,1.78,33.20223739,1.28,0.53,0.46,17.52750622,9.785284505,17.62772377,62.12845081,,,,,,,,,,,,,
301,pyrimidine,,,80.04,145.9228798,22,1.138218258,4.170628098,105.4411263,1.377737362,-0.4,3.426183902,46.44961693,0.650226462,0.348659799,0.814126398,16.24684774,15.07952905,13.02165473,56.60062382,,,,,,,,,,,,,
300,thiophene,,,84,84,-38,1.06,0.621,153.854296,1.52684,1.81,0.292438588,-0.221619737,-0.080491146,0.125768091,0.506732542,17.79774583,0.712150907,0.973485153,86.98173269,,,,,,,,,,,,,
299,cyclopentanone,,,84.06,131,-51,0.955,3.176016198,11.4,1.435,0.38,2.93,17.1932105,0,0.52,0.76,18.15101098,7.276550692,6.454245039,87.4981137,,,,,,,,,,,,,
298,methylcyclopentane,,,84.09,71.8,-139.8,0.7486,1.859432699,138,1.4097,3.37,0.716613339,8.447014615,0.326353923,0.292232144,0.135466508,16.6717125,2.733061867,4.296893329,91.76123027,,,,,,,,,,,,,
297,Cyclohexane,Problematic,2,84.16,80.7,6.47,0.7781,0.89,97.5,1.42662,3.44,0.61,2,0,0,0,16.8,0,0.2,108.1619329,Cyclohexane,Alkane,,,,,,,,,,,21.5 Ã‚Â£/L
296,Dichloromethane,Hazardous,1,84.93,39.75,-95,1.3255,0.41,435,1.4244,1.25,1.6,9.1,0.13,0.1,0.82,18.2,6.3,6.1,64.07604677,Dichloromethane,No Group,,100,91,,,,,,97,,19 Ã‚Â£/L
295,piperidine,,,85.09,106,-7,0.86,7.142387918,32.1,1.452,0.84,1.30200818,5.9,0,1.04,0.3,17.20554063,0.622464569,6.317276586,111.2791987,,,,,,,,,,,,,
294,N-methylpyrrolidinone,Hazardous,1,85.15,202,-25,1.027,1.65,0.345,1.469,-0.38,4.09,32.2,0,0.77,0.92,18,12.3,7.2,82.91139241,N-methylpyrolidine,No Group,,,,69,100,,,,,,37 Ã‚Â£/L
293,chlorodifluoromethane,,,85.97,-41,-146,3.11,2.739881788,7250,1.256,1.08,2.258061537,6.11,0.648867284,0.203098563,0.667887805,12.3,6.3,5.7,72.9,,,,,,,,,,,,,
291,3-pentanone,#9ACD32,,86,101.9,-39,0.8,0.45,37.653,1.392,0.85,2.7,17.3,0,0.45,0.72,15.8,7.6,4.7,106.4,,,,,,,,,,,,,
292,Methyl isopropyl ke-ne,#9ACD32,,86,94,-94.4,0.8501,0.454,52.714,1.388,0.84,2.77,10.28627703,-0.134513375,0.492009932,0.549713658,15.8,6.8,5,107.8,,,,,,,,,,,,,
290,gammabutyrolac-ne,,,86.04,204,-44,1.125,3.748832974,0.45,1.444,-0.64,3.82,37.69879488,-0.049663117,0.532899451,0.960314285,18,16.6,7.4,76.5,,,,,,,,,,,,,
288,2-pentanone,,,86.07,88,-49.2,0.8814,3.199889931,137.9358376,1.4211,0.95,1.40595725,2.4,0,0.54,0.51,17.25044261,3.577782359,5.178815151,104.4203738,,,,,,,,,,,,,
289,oxane,,,86.07,102,-78,0.81,2.051824858,35.4,1.3895,0.91,2.72,15.70658443,0,0.52,0.65,16,7.6,4.7,107.3,,,,,,,,,,,,,
287,2-methylpentane,,,86.11,60,-153,0.6555,2.197078218,211,1.3715,3.2,0.737018666,6.955433147,0.41459171,0.206422139,0.113177928,15.46514693,2.096924049,5.561105315,110.5788303,,,,,,,,,,,,,
286,Methyl tetrahydrofuran,Problematic,2,86.13,81,-136,0.85,0.4753,81.8,1.406,0.82,1.38,6.97,0,0.58,0.53,16.9,5,4.3,101.3334118,Methyl tetrahydrofuran,No Group,81,100,,,,96,100,98,38,,54 Ã‚Â£/L
285,Hexane,Hazardous,1,86.18,68.7,-95.35,0.6606,0.295,153,1.3727,3.9,0,1.88,0,0,-0.04,14.9,0,0,130.4520133,hexane,Alkane,,,,,,,,,,,70 Ã‚Â£/L
283,morpholine,,,87.07,129,-5,1,2.23,10.1,1.454,-0.86,1.964398202,15.67306271,0.29,0.7,0.39,18.8,4.9,9.2,87.1,,,,,,,,,,,,,
284,"N,N-Dimethyl Acetamide",,,87.07,165,-20,0.94,0.92,-47.70921428,1.4358,-0.77,3.27124903,33.68112682,0,0.76,0.88,16.8,11.5,10.2,93,,,,,,,,,,,,,
282,4-dioxane,#FF6347,,88,101.5,11.8,1,1.19,38.103,1.4224,0.42,0.340738226,2.25,0.494357638,0.470568852,0.537293525,17.5,1.8,9,85.7,,,,,,,,,,,,,
281,thiolane,,,88.03,120,-96.2,1,0.137392932,128.0345825,1.5048,1.8,0.971951369,0.382790681,0,0.44,0.62,17.58888803,1.776056002,2.01606408,112.1721755,,,,,,,,,,,,,
277,butyricacid,,,88.05,164,-7.9,0.954,1.426,1.65,1.398,0.79,1.23,3,0.489083526,0.62082323,0.400268268,14.9,4.1,10.6,110,,,,,,,,,,,,,
278,propylformate,,,88.05,153.5,-47,0.946,1.126,1.81,1.3935,0.88,1.09,2.7,0.489083526,0.594276117,0.400268268,15.00533225,1.52622537,10.77636494,109.925782,,,,,,,,,,,,,
279,methylpropanoate,,,88.05,81,-92.9,0.9,2.645335225,62.64454163,1.3765,0.83,1.9,7.9,0.766209128,0.473682265,0.539783616,15.45393701,4.757338083,13.84867505,99.56834902,,,,,,,,,,,,,
280,2-methylpropanoicacid,,,88.05,80,-88,0.915,3.457498711,143.6158721,1.3765,0.82,1.7,5.4,0.706511431,0.454360796,0.3099248,14.99341132,2.876579228,9.781832599,107.6332317,,,,,,,,,,,,,
276,Ethylene carbonate,No Ranking,,88.06,248,36.4,1.3214,1.93,979,1.4148,-0.9,4.51,89.78,0,0.32,0.99,19.4,21.7,5.1,66.64355986,,No Group,,,,,,,,,,,38 Ã‚Â£/L
275,tetramethylsilane,,,88.07,26.6,-99.06,0.641,-0.222699843,718,1.3587,3.24,0.492102712,1.921,0,0.02,-0.09,15.3502296,1.299329608,0.373347432,122.1445503,,,,,,,,,,,,,
272,amylalcohol,,,88.09,138,-79,0.813,5.822307619,2.2,1.4095,1.51,1.7,13.9,0.688469566,0.555050428,0.378427184,16,4.5,13.9,109,,,,,,,,,,,,,
273,2-methyl-2-butanol,,,88.09,87.35,-8.4,0.8096,5.702262059,16.7,1.4052,0.89,1.7,11.7,0.28,0.93,0.4,15.99735132,4.793734093,13.45418182,113.8492375,,,,,,,,,,,,,
274,pentan-3-ol,,,88.09,116,-8,0.8,11.09368102,29.60838609,1.432521277,1.21,0.634236635,6.841075485,0.555810013,0.711347315,0.256657342,17.16847173,1.508232086,10.59124352,116.3329356,,,,,,,,,,,,,
270,Dioxane,Recommended,3,88.11,101.2,11.75,1.0337,1.18,38.1,1.4224,-0.27,0,2.2,0,0.37,0.55,19,1.8,7.4,85.23749637,Ethyl acetate,No Group,,100,89,,,95,100,72,97,,28 Ã‚Â£/L
271,Ethyl acetate,Hazardous,1,88.11,77.1,-83.8,0.9003,0.42,93.2,1.3723,0.73,1.78,6,0,0.45,0.55,15.8,5.3,7.2,97.86293458,Dioxane,No Group,,,,,,,,,,,56 Ã‚Â£/L
268,i-Amyl alcohol,Hazardous,1,88.15,132.5,-117.2,0.813,3.738,2.37,1.4075,1.16,1.7,15.2,0.84,0.86,0.4,15.8,5.2,13.3,108.4246002,t-Butyl methyl ether,No Group,,100,,,,98,100,92,,,45 Ã‚Â£/L
269,Methyl tert-butyl ether,No Ranking,,88.15,55.1,-108.6,0.7353,0.319,250,1.3664,0.94,1.36,2.6,0.264705882,0.419019608,0.624716981,14.8,4.3,5,119.8819529,,No Group,,,,,,,,,,,62 Ã‚Â£/L
266,2-nitropropane,,,89.05,132,-108,1,0.79,10.1,1.4018,0.87,3.731297024,25.96932693,-0.085204632,0.531038312,0.891451782,16.6,12.3,5.5,89.5,,,,,,,,,,,,,
267,nitropropane,,,89.05,120,-91,0.99,0.721,17.2,1.3944,0.93,3.73,27.0931558,-0.085204632,0.476902079,0.911162305,16.2,12.1,4.1,86.9,,,,,,,,,,,,,
265,LacticÂ acid,#FFD700,,90,216,53,1.19,36.9,0.029,1.42,0.6,3.410605381,26.65914057,0.445816369,0.472447544,0.907299408,17,8.3,28.4,73.8,,,,,,,,,,,,,
264,diethylsulfide,,,90.05,92,-102.05,0.8385,2.51635944,60.2,1.445,1.95,0.793248116,4.605092641,0,0.37,0.46,17,3.1,2,108.2,,,,,,,,,,,,,
262,1-methoxy-2-propanol,,,90.07,135,-70,0.93,5.370056865,5.31,1.406,-0.54,3.442365633,35.07601166,0.39282099,0.681544444,0.809689054,16.2,9.2,14.3,97.8,,,,,,,,,,,,,
263,2-ethoxyethanol,,,90.07,120,-96,0.96,1.81,12.5,1.4034,0.128995439,2.327488249,9.673739388,0.680477073,0.578913115,0.685654211,15.6,6.3,11.6,98.2,,,,,,,,,,,,,
261,Dimethyl carbonate,No Ranking,,90.08,90.5,0.5,1.0636,0.664,55.364,1.3687,0.15,0.93,3.17,0,0.32,0.44,15.5,3.9,9.7,84.69217751,,No Group,,100,,,,98,,,93,,41 Ã‚Â£/L
260,"1,2-Dimethoxyethane",Hazardous,1,90.12,85,-58,0.863,0.4859,48,1.3813,-0.21,1.71,7.2,0,0.41,0.53,15.4,6.3,6,104.4264195,Dimethoxyethane,No Group,52.3,,,,,,,86,,,54 Ã‚Â£/L
258,epichlorohydrin,#FFD700,,92,290,18.2,1.26,945,0,1.473,-1.76,3.513582696,39.63342423,0.372413514,0.521412103,0.918445338,17.4,11.3,27.2,73.4,,,,,,,,,,,,,
259,glycerol,,,92,116,-48,1.18,4.714696856,16.4,1.43585,0.26,1.8,34.32671581,0.321362544,0.515715152,0.921944768,19,10.2,3.7,79.9,,,,,,,,,,,,,
257,1-chlorobutane,,,92.04,78,-123,0.89,0.45,198.8758933,1.40223,2.82,1.187981589,9.6,0,0,0.39,16.4,5.5,2,104.9,,,,,,,,,,,,,
256,Toluene,Problematic,2,92.14,110.6,-94.9,0.8623,0.56,28.4,1.4967,2.73,0.36,2.33,0,0.11,0.54,18,1.4,2,106.8539951,#NAME?,Arene,,,,12.5,,,100,,,,30 Ã‚Â£/L
254,cyanol,,,93.06,184,-6,1.02,1.62,0.667,1.5863,0.94,1.53,6.89,0.532365498,0.609982982,0.757760294,19.4,5.1,10.2,91.5,,,,,,,,,,,,,
255,2-methylpyridine,,,93.06,128.5,-70,0.95,9.269576036,11.2,1.4957,1.1,0.939787863,3.640347261,0.466780407,0.70830726,0.393703911,16.83912408,0.506759178,9.412838472,108.6045743,,,,,,,,,,,,,
253,dimethylsulfone,,,94.01,238,109,1.149327455,8.038092331,10.4134243,1.470439755,-1.41,3.513582696,39.63342423,0.304734218,0.521412103,0.970035484,19,19.4,12.3,75,,,,,,,,,,,,,
252,phenol,,,94.04,182,41,1.06,3.437,42.01689675,1.5408,1.46,1.45,12.11747487,1.65,0.3,0.72,18,5.9,14.9,87.5,,,,,,,,,,,,,
249,"1,1-dichloroethylene",,,95.95,55,-49.8,1.27,0.41,331,1.4454,2,0,-1.405997399,0,0,0.44,17.67428713,0.920985715,-0.53023574,94.81805492,,,,,,,,,,,,,
250,"trans-1,2-dichloroethene",,,95.95,55,-80,1.27,6.255740689,200,1.4435,2,1.9,5.496655658,0.245601863,0.19997053,0.514981316,17.53624057,2.20909732,6.676185176,89.44211695,,,,,,,,,,,,,
251,"(z)-1,2-dichloroethene",,,95.95,32,-122,1.21,0.3302,600,1.4249,2.41,1.151467512,5.653390929,0.071324018,0.090975338,0.585686399,17,6.8,4.5,79,,,,,,,,,,,,,
248,2-furaldehyde,,,96.02,162,-36.5,1.16,1.587,77.46927065,1.525,0.46,4.168996145,41.9,-0.042462564,0.414448114,0.930562092,18.6,14.9,5.1,83.2,,,,,,,,,,,,,
247,"1,1-dichloroethane",,,97.97,57,-98,1.18,0.464,227,1.4167,1.8,2.06,10.7,0.1,0.1,0.48,16.6,8.2,0.4,84.8,,,,,,,,,,,,,
246,Ethyl cyclopentane,#FFD700,,98,103,-138,0.763,0.535,38,1.426,3.85,0,-0.38708717,-0.100507446,0.351262487,0.137931449,16.5,1.2,2,125.6,,,,,,,,,,,,,
245,furfurylalcohol,,,98.04,170,-31,1.13,4.62,-41.75807538,1.485,0.28,2.804921946,15.8811357,0.361481251,0.510387124,0.880192044,17.4,7.6,15.1,86.5,,,,,,,,,,,,,
244,mesityloxide,,,98.07,130,-41.5,0.86,60,8.21,1.4445,1.7,3.056840176,15.4,0.12419063,0.461204031,0.721795273,16.4,7.2,6.1,115.6,,,,,,,,,,,,,
243,Cyclohexanone,Problematic,2,98.14,155.4,-31,0.9421,2.02,5,1.4507,0.81,3.08,16.02,0,0.53,0.76,17.8,6.3,5.1,104.1762021,Cyclohexanone,No Group,,,,,,,,,,,29 Ã‚Â£/L
242,Methyl cyclohexane,Problematic,2,98.19,100.9,-126.6,0.7694,0.687,46,1.4231,3.61,0,2.02,0.264705882,0.419019608,-0.01,16,0,1,127.6158045,Methylcyclohexane,Alkane,,,,,,,,,,,30 Ã‚Â£/L
241,"1,2-Dichloroethane",Highly Hazardous,0,98.96,83.4,-35.6,1.2454,0.78,78.89,1.4422,1.48,1.27,10.74,0,0.1,0.81,19,7.4,4.1,79.46009314,Dichloroethane,No Group,,,,,,,,,97,,28 Ã‚Â£/L
240,nmethylpyrrolidine,,,99.07,202,-24.4,1.03,1.65,0.345,1.469,-0.38,4.113448478,32.3,-0.075397286,0.703430468,0.958671135,18,12.3,7.2,96.5,,,,,,,,,,,,,
239,cyclohexylamine,,,99.1,134.5,-17.7,0.87,2.1,-15.03536653,1.4565,1.4,1.248064379,7.922842162,0.232740803,0.51191478,0.338186596,17.4,3.1,6.5,115.2,,,,,,,,,,,,,
237,cyclohexanol,#FFD700,,100,161,23,0.9684,57.5,1,1.465,1.23,1.86,15,0.66,0.84,0.45,17.4,4.1,13.5,106,,,,,,,,,,,,,
238,ethyl isopropyl ke-ne,#9ACD32,,100,113.5,-82.16,0.8,0.45,18.076,1.397,1.331,1.820026288,13.1,0.142915313,0.449020562,0.497381265,16,7.6,4.7,124.9,,,,,,,,,,,,,
236,succinicanhydride,,,100.02,261,119.6,1.503,8.038092331,0.0015,1.470439755,-0.791627914,3.656157249,39.63342423,0.304734218,0.521412103,0.970035484,18.6,19.2,16.6,66.8,,,,,,,,,,,,,
235,Trifluoroethanol,No Ranking,,100.04,74.5,-44,1.391,1.768,71.3,1.29,0.31,2.52,8.55,1.51,0,0.73,15.4,8.3,16.4,71.91948239,,No Group,,,,,,,,,,,358 Ã‚Â£/L
234,"pentane-2,4-dione",,,100.05,140,-23,0.975,0.6,-23.40597968,1.4494,0.4,3.15398922,13.23414671,-0.237162782,0.610630259,0.898756438,17.87354277,7.502782632,5.69978564,107.1632254,,,,,,,,,,,,,
232,"3,3-dimethylbutan-2-one",,,100.09,127,-57,0.81,0.62,11.6,1.4024,1.38,2.68,11.35146111,-0.060254969,0.437048893,0.494763808,15.33558418,6.777920646,0.093027307,118.584106,,,,,,,,,,,,,
233,hexan-2-one,,,100.09,106.1,-52.5,0.7229,2.47,31.5,1.3952,1.2,0.922651686,12.8,0.670292275,0.791419134,0.272778234,15.05674688,2.607312754,10.26225476,115.1795008,,,,,,,,,,,,,
231,Gamma-valerolac-ne,No Ranking,,100.12,205,-31,1.05,1.86,0.33,1.4313,-0.27,4.71,36.14,0,0.58,0.88,15.5,4.7,6.6,95.35238095,,No Group,,,,78.5,73,63,,25,,86,98 Ã‚Â£/L
229,Cyclopentyl methyl ether,Recommended,3,100.16,105.45,-140,0.86,0.549,34.6,1.4235,1.59,1.27,4.76,0,0.53,0.42,16.7,4.3,4.3,116.4653488,Methyl isobutyl ke-ne,No Group,,,,,,,,,,,30 Ã‚Â£/L
230,Methyl isobutyl ke-ne,No Ranking,,100.16,115.7,-85,0.7965,0.55,19.9,1.3962,1.31,2.7,13.11,0.02,0.48,0.65,15.3,6.1,4.1,125.750408,,No Group,61,100,,14.5,50,98,,63,73,,87 Ã‚Â£/L
228,Heptane,Problematic,2,100.2,98.38,-90.549,0.6795,0.395,46.03,1.3855,4.66,0,1.92,0,0,-0.08,15.3,0,0,147.4663723,Heptane,Alkane,,,,,,,,,,,47 Ã‚Â£/L
227,Triethylamine,#FF6347,,101,89.3,-114.7,0.75,20.14,57.155,1.401,1.45,1.412659682,12.79680199,0,0.71,0.14,15.5,0.4,1,139.7,,,,,,,,,,,,,
225,dipropylamine,,,101.12,109.3,-63,0.738,0.517,20.1,1.40455,1.67,1.07,2.9,-0.039661216,0.351262487,0.207586507,15.3,1.4,4.1,136.9,,,,,,,,,,,,,
226,n-propan-2-ylpropan-2-amine,,,101.12,148.6999237,-56.75488429,0.75,4.552313599,15.96747418,1.449524151,1.882763579,1.356953088,6.205259902,0.162926386,0.373191305,0.156926762,17.10434918,0.117366938,1.212007387,121.9595631,,,,,,,,,,,,,
224,dichlorofluoromethane,,,101.94,8.9,-135,3.57,0.313,1360,1.3724,1.55,0.860244963,5.34,0.113596834,0.092126088,0.339978548,15.8,3.1,5.7,75.4,,,,,,,,,,,,,
219,diisopropylether,#9ACD32,,102,178,-80,1.054,11.08,0.8,1.452,0.14,3.193641743,15.59589747,0.25198042,0.518873364,0.89309639,17.8,8.2,12.9,97.4,,,,,,,,,,,,,
220,tetrahydrofurfurylalcohol,#FFD700,,102,107,-92,0.892,30,28.9,1.391,1.32,1.92,10.11628299,0.655866567,0.429498357,0.538653165,15.7,6.5,9.2,115.2,,,,,,,,,,,,,
221,Butyl formate,#FFD700,,102,86.3,-80,0.766,0.46,75.2,1.3862,1.55,1.295590962,4.439906391,-0.020658791,0.191621068,0.272587533,15.2,4.5,2.5,136.1,,,,,,,,,,,,,
222,Ethyl propionate,#FF6347,,102,99.1,-73.9,0.89,0.5,35.928,1.381,1.21,1.75,5.7,0.300035089,0.349112309,0.614969491,15.5,6.1,4.9,115.6,,,,,,,,,,,,,
223,tert-Amyl methyl ether,#FF6347,,102,68,-86.8,0.7192,0.38,149.262,1.368,1.52,1.13,3.9,0,0.49,0.27,15.1,3.2,3.2,141.8,,,,,,,,,,,,,
214,propylacetate,,,102.07,186.5,-34.5,0.9375,2.3,-27.36602877,1.4095,1.39,2.070766905,14.51764286,1.19,0.45,0.54,16.25283454,4.998097311,11.18846855,123.404034,,,,,,,,,,,,,
215,Iso-Propyl Acetate,,,102.07,102.5,-95,0.8945,3.075266653,42.0419902,1.388,1.29,1.72,5.6,0.611651068,0.314862657,0.285563477,15.43611078,3.161254392,8.70578097,121.7146892,,,,,,,,,,,,,
216,pentanoic acid,,,102.07,101.6,-92,0.84,0.544,35.9,1.3845,1.24,1.79,6.3,0.055748168,0.661690693,0.380820931,15.3,4.3,7.6,115.8,,,,,,,,,,,,,
217,propan-2-ylacetate,,,102.07,89,-73,0.87,3.051155423,-3.401938877,1.377,1.02,1.75,10.40660335,0.79596941,0.574267396,0.551866174,14.9,4.5,8.2,117.1,,,,,,,,,,,,,
218,methylbutanoate,,,102.07,89,-73,0.87,3.051155423,-25.3424058,1.377,1.02,1.75,10.9316201,0.84677812,0.60786384,0.594448869,15.22127157,5.110313733,15.27339235,113.7058553,,,,,,,,,,,,,
212,Acetic anhydride,No Ranking,,102.09,241.6,-48.8,1.2047,2.5,0.045,1.4189,-0.41,4.77,62.93,0,0.38,0.9,20,18,4.1,84.74308957,,No Group,,,,70,80,37,,22,,36,43 Ã‚Â£/L
213,Propylene carbonate,Problematic,2,102.09,139.5,-73.4,1.082,0.843,5.11,1.3901,-0.27,2.8,20.7,0,0.29,0.76,16,11.7,10.2,94.35268022,Acetic anhydride,No Group,,,,,,,,,,,40 Ã‚Â£/L
208,3-hexanol,,,102.1,157,-44.6,0.8185,0.592,0.928,1.4175,2.03,0.989258388,3.119430339,0.8,0.84,0.4,16.58880891,1.73145799,6.262827508,127.7238516,,,,,,,,,,,,,
209,4-methyl-2-pentanol,,,102.1,134,-85.8884025,0.82,3.707513576,-38.7685526,1.416,1.65,1.244359645,7.002924968,0.519912579,0.442190794,0.182601283,15.8,4.3,13.5,123.2,,,,,,,,,,,,,
210,dipropyl ether,,,102.1,132,-90,0.81,3.707513576,-1.306846726,1.41,1.43,1.244359645,7.002924968,0.574834708,0.442190794,0.192169637,15.3,3.3,12.3,127.2,,,,,,,,,,,,,
211,hexanol,,,102.1,89,-122,0.7,-0.531729564,62.5,1.3807,2.03,1.165705562,3.4,0,0.46,0.27,15.07668886,2.524131016,2.520229608,132.8934553,,,,,,,,,,,,,
207,Isopropylacetate,Recommended,3,102.13,88.6,-73.4,0.8718,0.49,60.37,1.3773,1.02,1.75,6.3,0,0.4,0.53,14.9,4.5,8.2,117.1516403,isopropylacetate,No Group,,,,,,96,100,77,,,27 Ã‚Â£/L
206,benzonitrile,,,103.04,190.7,-12.8,1,5.038752762,0.768,1.5289,1.56,3.926722686,26,0,0.37,0.9,17.4,9,3.3,102.6,,,,,,,,,,,,,
205,diethylenetriamine,,,103.11,207,-39,0.96,6.386333651,0.23,1.481,-1.3,3.564973125,31.35639141,0.340815677,0.713568059,0.824961772,16.8,13.3,14.3,108,,,,,,,,,,,,,
204,3-methoxybutan-1-ol,#9ACD32,,104,157,-85,0.92,2.28,0.908,1.408,2,2.248019486,13.46258861,0.808158068,0.446356457,0.608931874,15.3,5.4,13.6,113.2,,,,,,,,,,,,,
203,2-cyanopyridine,,,104.04,224.5,29,1.081,2.14737081,101.9430745,1.5242,0.45,4.064750713,36.31789997,0,0.29,1.2,18.99906857,9.767882803,5.146016389,108.1070425,,,,,,,,,,,,,
202,styrene,,,104.06,145,-30.6,0.91,0.696,6.4,1.544,3,0.763423587,2.109672723,-0.031330907,0.319682457,0.465278587,18.6,1,4.1,115.6,,,,,,,,,,,,,
201,2-propoxyethanol,,,104.08,150.5,-90,0.91,5.522986787,2.9,1.412,0.08,2.922649721,13.4261816,0.113938181,0.574793379,0.721401044,16.90017776,7.645434435,7.637496396,118.5674195,,,,,,,,,,,,,
200,o-xylene,#FFD700,,106,144.5,-25.2,0.87,0.76,6.608,1.503,3.12,0.63,3.617346316,-0.031330907,0.319682457,0.465278587,17.8,1,3.1,121.1,,,,,,,,,,,,,
199,benzaldehyde,,,106.04,179,-26,1.044,0.721061451,1.27,1.5455,1.48,2.631389276,18,-0.116735953,0.24919288,0.879728264,19.4,7.4,5.3,101.5,,,,,,,,,,,,,
197,2-(2-hydroxyethoxy)ethanol,,,106.06,245,-6.5,1.12,0.3,0.005,1.4472,-1.47,5.49,28.21790537,-0.229418618,0.506985014,0.987513734,18.12881614,10.91291601,8.014603348,107.071468,,,,,,,,,,,,,
198,trimethoxymethane,,,106.06,100.6,-36.10840961,0.9676,4.46040737,-25.3424058,1.3773,0.884823351,2.376084248,11.69165834,0.961414763,0.517953301,0.661746757,15.3182377,5.834902546,15.24260139,118.2527278,,,,,,,,,,,,,
194,ethylbenzene,,,106.08,139,-48,0.86,0.581,8.29,1.4973,3.2,0.3,2.367,0,0.11,0.47,17.18062451,0.049474911,0.302073518,123.0583274,,,,,,,,,,,,,
195,oxylene,,,106.08,136,-95,0.87,0.64,9.6,1.4959,3.1,0.754678135,1.37905795,-0.164792604,0.319682457,0.460776163,17.8,0.6,1.4,123.1,,,,,,,,,,,,,
196,"1,3-dimethylbenzene",,,106.08,144,-25,0.88,6.632892602,30.41944817,1.48293089,3.12,0.63,12.56419136,0.231011526,0.428564876,0.494113415,17.8,1,3.1,121.2,,,,,,,,,,,,,
193,p-Xylene,Problematic,2,106.17,138.3,13.3,0.86104,0.6,8.84,1.49575,3.15,0,2.27,0,0.12,0.43,17.6,1,3.1,123.3008919,,Arene,,,,,,,,,,,49 Ã‚Â£/L
192,pyrrolidine,,,107.05,89,-63,0.85,6.1472,62.7,1.443,0.46,1.385344869,8.470498417,0.16,0.7,0.39,16.69418839,2.620445971,6.725557434,123.0153085,,,,,,,,,,,,,
189,"2,6-dimethylpyridine",,,107.07,195,-57,0.989,1.766,-5.984824449,1.57367,1.7,3.024728551,6,0.17,0.47,0.82,17.36161383,6.04991145,3.120056483,125.5542977,,,,,,,,,,,,,
190,N-methylaniline,,,107.07,185,10,0.98,1.78,0.662,1.5401,1.09,1.38,4.6,0.541375415,0.685634659,0.393703911,17.39887459,1.811997874,11.36421478,122.1698878,,,,,,,,,,,,,
191,phenylmethanamine,,,107.07,144,-6,0.92,5.68462313,-33.68907829,1.498,1.68,4.061527054,27.94537662,0,0.76,0.8,18.62772814,9.016878962,7.14873802,130.6303335,,,,,,,,,,,,,
188,bromoethane,,,107.96,38.4,-119,1.46,0.379,467,1.4242,1.61,2.03,4.9,0.116521027,0.090975338,0.651355081,16.6,8,5.1,76.9,,,,,,,,,,,,,
187,ethylchloroformate,,,108,95,-80.6,1.1,-1.197148312,71.34618012,1.3947,0.322467992,3.473191263,24.65205858,-0.079911059,0.30172485,0.825109302,15.5,10,6.8,95.6,,,,,,,,,,,,,
185,mcresol,,,108.06,202,12.2,1.03,2.093,0.11,1.54,1.96,1.59,16.60044404,0.677901739,0.468276629,0.8035282,18.5,6.5,13.7,105,,,,,,,,,,,,,
186,m-Cresol,,,108.06,202,11.8,1.03,2.093,0.11,1.54,1.96,1.59,16.60044404,0.677901739,0.468276629,0.8035282,18.5,6.5,13.7,105,,,,,,,,,,,,,
184,hexanedinitrile,,,108.07,295,1,0.97,2.6,0.00068,1.438,-0.32,3.564973125,33.29102076,0.273136381,0.713568059,0.876551918,17.7659782,10.7026369,13.48603049,115.5637489,,,,,,,,,,,,,
182,Anisole,Problematic,2,108.14,205.3,-15.2,1.0419,5.474,0.094,1.5396,1.1,1.71,13,0.6,0.52,0.98,18.4,6.3,13.7,103.7907669,Benzyl alcohol,No Group,,,,,,,,,,,25 Ã‚Â£/L
183,Benzyl alcohol,Recommended,3,108.14,153.7,-37.3,0.9956,0.778,3.54,1.51791,2.11,1.36,4.3,0,0.32,0.73,17.8,4.1,6.7,108.6179188,,No Group,,,,,,97,,16,,,32 Ã‚Â£/L
181,resorcinol,,,110.04,280,110,1.27,7.248441471,0.000489,1.578,0.86,2.09,17.81576505,0.586465846,0.510387124,0.912379553,18,8.4,21.1,87.5,,,,,,,,,,,,,
180,chlorobenzene,#FFD700,,112,131,-45,1.11,0.753,12,1.5241,2.8,1.656377787,5.62,0,0.07,0.71,19,4.3,2,102.1,,,,,,,,,,,,,
179,2-methylcyclohexan-1-one,,,112.09,165.1,-14,0.93,2.588030332,14.75475825,1.447,1.82632733,2.927778713,15.64996023,0.005639702,0.383024377,0.708442929,18.36135802,5.761172181,3.30892467,123.6356537,,,,,,,,,,,,,
178,"2,2,2-trifluoroaceticacid",,,113.99,72,-15,1.5,1.984808436,97.86917725,1.285,-2.1,3.321956484,39,0.73414248,0.271155349,0.774550011,16.4474152,12.23410884,12.34077578,91.39020463,,,,,,,,,,,,,
177,"1,4-difluorobenzene",,,114.03,71.2164147,-56.37350876,1.292231393,-0.075847693,177.0660285,1.453163419,2.64863279,0.630902955,-2.682744454,0,0.03,0.58,18.06635831,0.6526507,0.431322215,101.8606909,,,,,,,,,,,,,
176,caprolac-ne,,,114.07,237,-1.5,1,5.755026593,0.135,1.482396703,0.68,3.994062451,27.94537662,-0.063713361,0.740062081,0.9268142,19.7,15,7.4,110.8,,,,,,,,,,,,,
172,5-methyl-2-hexanone,,,114.1,151,-35.5,0.81,0.77,3.85,1.408,1.98,1.963311815,10.81694879,0.05,0.48,0.61,16.21634962,5.325753059,8.05221083,125.7354832,,,,,,,,,,,,,
173,Methyl iso-Amyl Ke-ne,,,114.1,144,-74,0.81,0.77,5.77,1.4062,1.72,1.815061582,13.04796902,0.206521592,0.469836707,0.435623245,16,5.7,4.1,142.8,,,,,,,,,,,,,
174,2-heptanone,,,114.1,144,-74,0.81,0.77,5.77,1.4062,1.72,1.815061582,13.04796902,0.206521592,0.469836707,0.435623245,16,5.7,4.1,141.3,,,,,,,,,,,,,
175,"2,4-dimethylpentan-3-one",,,114.1,125.4,-69,1.021529472,0.6836927,-11.98497553,1.47488819,1.86,2.73,25.71617463,-0.186697897,0.424520594,0.887760568,18.18472086,9.331089747,2.991464084,132.7664739,,,,,,,,,,,,,
171,octane,,,114.14,126,-56.8,0.7,0.5151,14.1,1.3974,4.59,1.098171175,5.495298343,0,0,0.01,15.39496604,2.13855227,0.920217547,131.3538156,,,,,,,,,,,,,
170,Dimethylethylene urea,No Ranking,,114.15,225,8,1.058,1.9256,0.1,1.472,-0.03,2.64,37.6,0.264705882,0.419019608,0.624716981,17.8,9.5,9.3,107.8922495,,No Group,,,,,,,,,,,318 Ã‚Â£/L
169,"N,N-diethylacetamide",,,115.1,185.5,20,0.913,4.985700038,-49.65852523,1.4374,0.34,3.857296035,27.94537662,0,0.78,0.84,18.62772814,9.258065842,8.414578706,130.6303335,,,,,,,,,,,,,
167,isobutylacetate,#9ACD32,,116,116.5,-98.8,0.88,0.69,17.776,1.4,1.72,1.87,5.6,0.077364752,0.318839871,0.363597062,15.1,3.7,6.3,133.5,,,,,,,,,,,,,
168,Ethyl butyrate,#9ACD32,,116,121.5,-98,0.87,0.63,14.476,1.392,1.7,1.8,5.1,0.000854217,0.229648936,0.478304731,15.5,5.6,5,132.9,,,,,,,,,,,,,
158,4-hydroxy-4-methyl-2-pentanone,,,116.08,170,-47,0.94,4.551966176,-74.25006985,1.4232,-0.445,3.24,20.91313313,0.414218532,0.705340701,0.805310013,15.8,8.2,10.8,124.2,,,,,,,,,,,,,
159,butylacetate,,,116.08,205,-3,0.9255,3.23,-53.9412294,1.4165,1.88,2.070766905,13.59212933,1.22,0.45,0.52,17.37814131,5.233832647,11.38767051,127.7635988,,,,,,,,,,,,,
160,propylpropionate,,,116.08,126,-78,0.88,0.685,11.5,1.3945,1.82,1.84,5.1,0,0.45,0.46,15.8,3.7,6.3,132.5,,,,,,,,,,,,,
161,secbutylacetate,,,116.08,123,-75.9,0.876,2.543676391,86.04880942,1.3935,1.985752237,1.79,4.7,0.265960435,0.199524724,0.406295678,15.5,5.6,5.7,132.5,,,,,,,,,,,,,
162,tertbutylacetate,,,116.08,118,-99,0.87,0.676,17.8,1.3905,1.6,1.87,6.12133618,0.000854217,0.211962681,0.353921499,15.36779382,4.254737669,4.035936323,125.2000724,,,,,,,,,,,,,
163,t-Butyl Acetate,,,116.08,112,-99,0.86,1.95895694,42.0419902,1.3888,1.51,0.769430239,5.321432496,0.205828543,0.314862657,0.219894796,15,3.7,7.6,134,,,,,,,,,,,,,
164,sec-Butyl Acetate,,,116.08,112,-99,0.86,1.95895694,42.0419902,1.3888,1.51,0.769430239,5.321432496,0.205828543,0.314862657,0.219894796,15,3.7,7.6,134,,,,,,,,,,,,,
165,hexanoic acid,,,116.08,97.8,-37.07817854,0.87,3.413982723,47,1.3855,1.76,1.91,11.97718347,0.397075266,0.295893896,0.324495141,15,3.7,6,134.8,,,,,,,,,,,,,
166,2-methylpropylacetate,,,116.08,97.8,-37.07817854,0.87,3.413982723,47,1.3855,1.76,1.91,11.97718347,0.397075266,0.295893896,0.324495141,15,3.7,6,134.8,,,,,,,,,,,,,
157,tetramethylurea,,,116.09,176.5,-1.2,0.9687,8.886657564,-83.64495398,1.4493,0.19,2.953249323,10.27057954,0.33580787,0.68663289,0.71121235,16.8,8.2,11,120.4,,,,,,,,,,,,,
156,heptan-1-ol,,,116.12,175,-34,0.8225,5.209118454,0.2163,1.425,2.62,1.188131365,6.475515092,0.171541936,0.442190794,0.182073277,16.81105235,0.51593623,2.329224031,130.3153591,,,,,,,,,,,,,
155,2-phenylace-nitrile,,,117.06,233.5,-23.8,1.0205,2.897896921,0.089,1.52105,1.56,3.171417766,18,0,0.41,1,18.54392006,7.302337928,4.504260565,133.2829191,,,,,,,,,,,,,
154,diethylcarbonate,,,118.06,126,-43,0.98,1.029203629,70.87850216,1.3845,1.21,1.1,9.487661754,0,0.4,0.45,16.6,3.1,6.1,121,,,,,,,,,,,,,
153,diisopropyl sulfide,,,118.08,121,-78.1,0.962766468,1.663059447,19.31262108,1.484926287,2.84,1.020342168,1.200676015,0,0.38,0.36,17.5429554,0.481590548,1.619418678,120.9646671,,,,,,,,,,,,,
150,ethyleneglycolbutylether,,,118.1,171,-75,0.9,5.797629054,0.88,1.4198,0.83,2.08,10.89150235,0.663125631,0.67599445,0.606392562,16,5.1,12.3,131.6,,,,,,,,,,,,,
151,Ethylene Glycol Monobutyl Ether,,,118.1,171,-75,0.9,5.797629054,0.88,1.4198,0.83,2.289602989,10.89150235,0.663125631,0.67599445,0.625795199,16,5.1,12.3,132,,,,,,,,,,,,,
152,1-propoxypropan-2-ol,,,118.1,150.2,-78.83208455,0.8886,2.297544565,2.2125,1.413,0.2538091,4.359972101,28.62004796,0.033710626,0.649176569,0.816846538,17.79115382,11.4734844,7.980066693,130.7502314,,,,,,,,,,,,,
149,Ethyl lactate,No Ranking,,118.13,154,-26,1.0328,2.398,3.75,1.4124,-0.19,2.55,13.1,0.69,0.52,0.82,16,7.6,12.5,114.3783888,,No Group,,,,,,,,,,,55 Ã‚Â£/L
148,Chloroform,Highly Hazardous,0,119.38,61.12,-63.47,1.484,0.54,197,1.4459,1.97,1.01,4.8,0.2,0.1,0.58,17.8,3.1,5.7,80.44332884,Chloroform,No Group,,,,,,,,,,,30 Ã‚Â£/L
147,sulfolane,,,120.02,285,27.6,1.2606,10.34,-19.41995292,1.481,-0.77,3.822656226,36.35353809,0,0.39,0.98,18,18,9.9,95.3,,,,,,,,,,,,,
146,ace-phenone,,,120.06,202,20,1.028,1.681,0.397,1.5325,1.58,3.908075478,32.04396507,0.04,0.49,0.9,19.6,8.6,3.7,117.4,,,,,,,,,,,,,
145,Methyl Carbi-l,,,120.08,193,-84,1.025,3.48,0.25,1.4264,-1.035,3.103156045,20.12096386,0.321279589,0.661043163,0.845578335,16.2,7.8,12.6,118.2,,,,,,,,,,,,,
143,mesitylene,,,120.09,165,-45,0.86,3.851845523,2.48,1.49541,3.42,1.229987908,3.4,0.136732751,0.315705243,0.436276745,18,0,0.6,139.8,,,,,,,,,,,,,
144,isopropylbenzene,,,120.09,152,-96,0.86,0.737,4.5,1.4915,3.66,0.740618251,1.37905795,-0.056293538,0.319682457,0.30064382,17.18062451,-0.2171058,0.911555198,123.0583274,,,,,,,,,,,,,
141,"N,N-dimethylaniline",,,121.09,193,2.5,0.96,1.3,0.7,1.5582,2.3,2.950512808,15.15336577,0,0.43,0.73,18.39539564,7.339009015,4.568505123,133.2829191,,,,,,,,,,,,,
142,n-ethylaniline,,,121.09,205,-63,0.96,17.16,66.33075297,1.5559,2.16,1.229987908,5.9,0.117172517,0.246120341,0.256275347,17.34125978,0.405059315,1.017205462,116.8795044,,,,,,,,,,,,,
140,ethyl chloroacetate,,,122.01,144.2,-26,1.01,2.93,41.22041736,1.4227,1.516462222,2.932021994,11.6,0,0.35,0.7,18.33966686,7.427548611,-0.046327473,123.510369,,,,,,,,,,,,,
139,benzoicacid,,,122.04,249,122,1,1.26,0.0007,1.504,1.87,1,14.21652747,0.645128266,0.468276629,0.835385134,18.2,7,9.8,100,,,,,,,,,,,,,
137,2-phenylethanol,,,122.07,219,-27,1.0185,6.70620778,-54.69999571,1.532,1.4,1.65,15.01271371,0.64,0.61,0.88,17.41795606,5.498091215,13.88190492,115.9053927,,,,,,,,,,,,,
138,ethoxybenzene,,,122.07,172,-30,0.224,4.2389,1.56,1.5076,2.51,2.022777549,4.5,0,0.3,0.69,17.83775179,3.132623368,5.810494001,122.6931664,,,,,,,,,,,,,
136,Nitrobenzene,No Ranking,,123.11,210.8,5.7,1.2037,1.863,0.245,1.5562,1.85,4.23,36.09,0,0.3,1.01,20,8.6,4.1,102.2763147,,No Group,,,,,,,,,,,52 Ã‚Â£/L
135,2-chloroaniline,,,127.02,209,-2,1,2.9157,0.204,1.58586,1.92,2.914731312,13.4,0.25,0.4,0.83,18.03333145,6.930574943,6.602957448,118.3940451,,,,,,,,,,,,,
134,"N,N-dimethylcyclohexylamine",,,127.14,163.5,-60,0.85,6.678725802,-26.57543573,1.45532307,2.01,1.658256433,5.956932038,0,0.84,0.23,17.01274797,1.856709777,6.902315362,131.2129528,,,,,,,,,,,,,
133,bromochloromethane,,,127.9,68,-88,1.93,3.284138528,142,1.4808,1.41,1.634748099,7.7,0.350535548,0.139477132,0.487725893,17.4,5.7,3.5,65,,,,,,,,,,,,,
132,3-chlorophenol,,,128,214,33,1.245,11.55,0.125,1.5565,2.495,3.595246754,30.18731621,1.57,0.23,0.77,18.55576087,8.980207875,7.659685,104.7469439,,,,,,,,,,,,,
131,naphthalene,,,128.06,218,80,1.15,0.754,0.085,1.4003,3.35,0.967537216,4.74434358,0.075203326,0.210112416,0.502099502,19.2,2,5.9,111.5,,,,,,,,,,,,,
130,Cyrene,No Ranking,,128.13,227,-20,1.25,11.62,0.11,1.4712,-0.71,4.4,3.4,0,0.61,0.93,18.8,10.6,6.9,102.504,,No Group,,,,58,100,,,,,51,122 Ã‚Â£/L
129,nonane,,,128.16,150.8,-51,0.72,0.6696,4.45,1.4058,5.65,1.243175704,9.216866782,0.08822508,0.436240263,0.213489105,15.87130137,3.698660106,1.468390627,133.6195837,,,,,,,,,,,,,
128,Dimethylpropylene urea,Problematic,2,128.18,246.5,-23,1.06,2.917,0,1.472,-0.03,4.17,36.12,0.264705882,0.419019608,1.08,18,10.5,9.7,120.9245283,,No Group,,,,,,,,,,,350 Ã‚Â£/L
127,(4-methylcyclohexyl)methanol,,,128.21,75,-59.46496634,0.9074,19,2.55,1.40077036,2.991536958,0.98145573,6.091574926,0.26516734,0.145156562,0.265275507,15.54359835,2.129052882,5.168036057,121.1969402,,,,,,,,,,,,,
126,quinoline,,,129.06,238,-15,1.09,2.997,-10.92385441,1.62683,2.06,3.182089848,16.99518731,0,0.64,0.92,19.4,7,7.6,118,,,,,,,,,,,,,
125,trichloroethylene,,,129.91,87,-86,1.46,0.545,69,1.4773,2.42,0.77,-2.008184188,-0.125237767,0.143299961,0.497779731,18,3.1,5.3,90.2,,,,,,,,,,,,,
124,Dibutyl ether,#FFD700,,130,140,-95,0.77,0.69,6.01,1.3992,3.21,1.362403946,3.1,0,0.46,0.27,15.2,3.4,3.2,170.4,,,,,,,,,,,,,
123,ethyl3-oxobutanoate,,,130.06,180.8,-45,1.025,6.860158995,-68.83085959,1.4195,0.27,3.206406689,15.9,0.431766125,0.626221926,0.798503379,17.00114265,8.077373008,11.6068919,127.2648482,,,,,,,,,,,,,
117,butylpropionate,,,130.1,223,-7.5,0.9175,3.4,0.0107,1.423,2.42,1.356953088,2.5,1.2,0.45,0.5,17.34089246,1.116135192,7.159582405,125.2963786,,,,,,,,,,,,,
118,isopentylacetate,,,130.1,149,-71,0.88,1.58,3.5,1.4023,2.18,1.333936978,5,0.192080153,0.306400867,0.274674034,15.8,3.3,6.1,148,,,,,,,,,,,,,
119,pentylacetate,,,130.1,142,-79,0.87,0.872,5.6,1.402,2.13,0.965921192,2.661183649,0.008886868,0.335098403,0.284242388,15.3,3.1,7,148.8,,,,,,,,,,,,,
120,Iso-Pentyl Acetate,,,130.1,142,-79,0.87,0.872,5.6,1.402,2.13,0.965921192,2.661183649,0.008886868,0.335098403,0.284242388,15.3,3.1,7,150.2,,,,,,,,,,,,,
121,heptanoic acid,,,130.1,142,-79,0.87,0.872,5.6,1.402,2.13,0.965921192,6.454189167,0.024016495,0.228221213,0.274566826,15.36779382,1.993799114,2.104162262,125.6739775,,,,,,,,,,,,,
122,3-methylbutylacetate,,,130.1,146,-90,0.87,4.474516843,57.13876512,1.401,0.839708311,1.8,16.87010769,0.406069652,0.601350647,0.582904054,15.7,5.5,5.9,149.3,,,,,,,,,,,,,
115,1-octanol,,,130.14,194.5,-15.5,0.825,7.288,-37.07758769,1.4295,3,1.149156027,7.15181817,0.555810013,0.442190794,0.182073277,17,3.3,11.9,157.7,,,,,,,,,,,,,
116,2-octanol,,,130.14,178.5,-38.6,0.8185,5.844937936,0.242,1.4265,2.72,1.6,9.394446226,0.623994798,0.556826494,0.379552888,16.2,4.9,11,159.1,,,,,,,,,,,,,
113,"1,1,1-trichloroethane",,,131.93,114,-36,1.44,1.69,23,1.4711,2.35,1.003149101,6.55131228,0.228105107,0.235505785,0.506809207,17.64058573,1.487318756,5.111003609,102.6515383,,,,,,,,,,,,,
114,"1,1,2-trichloroethane",,,131.93,74,-30,1.34,0.86,124,1.4711,2.49,1.78,2.905855586,0,0,0.49,17,4.3,2,100.4,,,,,,,,,,,,,
109,2-ethoxyethylacetate,,,132.08,156,-62,0.98,1.32,2,1.4054,0.24,2.25,11.82306877,0.718047761,0.6147646,0.637706728,16,4.7,10.6,136.2,,,,,,,,,,,,,
110,propyleneglycolmonomethyletheracetate,,,132.08,146,-66,0.969,5.923372336,3.92,1.403431415,0.56,2.960261446,13.28548824,0.427319126,0.615059049,0.676073069,15.6,5.6,9.8,137.1,,,,,,,,,,,,,
111,"(2,2-dimethyl-1,3-dioxolan-4-yl)methanol",,,132.08,146,-66,0.969,3.832548342,3.92,1.479943698,0.56,4.256023031,26.01074727,-0.105006131,0.761687019,0.866830719,18.33479861,8.874005098,7.091678418,130.6303335,,,,,,,,,,,,,
112,1-methoxypropan-2-ylacetate,,,132.08,188.5,-26.4,1.06,5.176366949,-16.3911494,1.466606157,0.2026314,3.656157249,26.01074727,0.318824384,0.566529957,0.917802836,17.6013968,9.258065842,12.04010779,106.2683161,,,,,,,,,,,,,
108,"1,2,3,4-tetrahydronaphthalene",,,132.09,207.6,-35.8,0.9702,2.012,0.368,1.53919,3.78,1.245599322,8.240534883,0.199603697,0.40503759,0.465222455,19.6,2,2.9,136,,,,,,,,,,,,,
106,bu-xypropanol,,,132.12,171,-57.87007497,0.879,5.797629054,-5.425561841,1.400653719,1.15,2.116537077,12.76047149,0.798412407,0.62552038,0.600628684,15.3,4.5,9.2,132,,,,,,,,,,,,,
107,Propylene Glycol Monobutyl Ether,,,132.12,171,-57.87007497,0.879,5.797629054,-5.425561841,1.400653719,1.15,2.116537077,12.76047149,0.798412407,0.62552038,0.600628684,15.3,4.5,9.2,132,,,,,,,,,,,,,
105,p-cymene,#9ACD32,,134,177.1,-68.9,0.86,0.76,1.463,1.489,4.1,0.749363704,1.37905795,-0.073152442,0.319682457,0.465278587,18,3.5,2.7,156.3,,,,,,,,,,,,,
99,diethyleneglycoldimethylether,,,134.09,202.38485,-27.06056141,1.005,6.242592359,-79.32689507,1.45,0.171614452,3.564973125,26.01074727,0.35836327,0.728574734,0.86621269,16.5,10.6,17.7,131.8,,,,,,,,,,,,,
100,diethyleneglycolmethylether,,,134.09,199,-76,0.99,3.85,-79.32689507,1.4273,-0.15,3.111901497,20.12096386,0.321279589,0.661043163,0.847480126,16.2,7.8,12.7,118,,,,,,,,,,,,,
101,diethyleneglycolmonoethylether,,,134.09,199,-76,0.99,3.85,-79.32689507,1.4273,-0.15,3.564973125,31.07115318,0.316541735,0.691943121,0.847480126,16.2,9.2,12.3,130.9,,,,,,,,,,,,,
102,dipropyleneglycol,,,134.09,199,-76,0.99,3.85,-73.90768481,1.4273,-0.15,3.564973125,31.07115318,0.316541735,0.691943121,0.847480126,17.41506655,9.964542549,12.04010779,115.5637489,,,,,,,,,,,,,
103,bis(2-methoxyethyl) ether,,,134.09,162,-68,0.95,1.089,-70.4760923,1.4097,-0.36,2.921026039,23.99719197,0.427319126,0.624097373,0.782862549,15.8,6.1,9.2,142,,,,,,,,,,,,,
104,2-(2-ethoxyethoxy)ethanol,,,134.09,162,-68,0.95,1.089,-59.59275872,1.4097,-0.36,2.170318972,15.18443081,0,0.4,0.64,16.69847816,6.569392432,10.99388481,107.3712233,,,,,,,,,,,,,
97,"1,4-diethylbenzene",,,134.11,183.7,-42.83,0.862,3.6,24.95215318,1.4967,4.45,0,12.71925879,0.231011526,0.428564876,0.494113415,18,0,0.6,156.9,,,,,,,,,,,,,
98,butylbenzene,,,134.11,183.3,-87.9,0.8601,0.95,4.38558886,1.4898,4.38,0.859464543,7.07944843,0.097943009,0.315705243,0.271641978,17.06431548,1.185555472,1.364977312,118.9731648,,,,,,,,,,,,,
96,"N,N-dimethylbenzylamine",,,135.1,180,-75,0.9,6.678725802,-26.57543573,1.454831832,1.91,1.658256433,4.299272488,0,0.64,0.45,17.19167643,1.631477727,6.902315362,126.1939723,,,,,,,,,,,,,
95,trichlorofluoromethane,,,135.9,24,-111,4.74,0.0105,803,1.374,2.53,0.860244963,2.638342013,0.113596834,0.054248387,0.319044856,15.3,2,0,92.8,,,,,,,,,,,,,
94,1-bromobutane,,,135.99,101.3,-112,1.2686,0.606,41.97,1.4398,2.75,0.497309896,-1.534929323,0,0.13,0.5,17.32071196,0.049474911,-0.002993271,106.7367009,,,,,,,,,,,,,
93,R-limonene (+) (D),#FFD700,,136,176,-75,0.84,0.923,1.98,1.47,4.57,0.901806765,8.276063643,0.20397439,0.424645951,0.177934726,16.5,0.6,0,162.9,,,,,,,,,,,,,
92,methylbenzoate,,,136.05,199,-12,1.0855,7.400246337,0.38,1.5165,2.12,2.53,6.6,0.627848059,0.281845534,0.55335114,18.24456459,3.473174714,10.27650511,102.9458057,,,,,,,,,,,,,
91,3-phenylpropanol,,,136.09,235.5,-18,0.993,7.080464878,0.0234,1.526,1.88,3.391907214,27.94537662,0.53,0.55,0.95,18.10062889,9.016878962,10.11835076,126.606249,,,,,,,,,,,,,
88,dllimonene,,,136.13,178,-74,0.8405,6.403899266,1.98,1.474,4.2,1.382430969,10.65998021,0.258570805,0.432263049,0.172397715,17.2,1.8,4.3,162.9,,,,,,,,,,,,,
89,d-Limonene,,,136.13,178,-74,0.8405,6.403899266,1.98,1.474,4.2,1.382430969,10.65998021,0.258570805,0.432263049,0.172397715,17.2,1.8,4.3,162.9,,,,,,,,,,,,,
90,(4r)-1-methyl-4-prop-1-en-2-ylcyclohexene,,,136.13,178,-74,0.8405,4.651230825,1.98,1.474,4.2,1.382430969,7.873466558,0.258570805,0.462523652,0.209510372,16.93387043,2.631829451,8.121871665,127.1888683,,,,,,,,,,,,,
87,ethyleneglycolmonophenylether,,,138.07,237.5,14,1.1094,7.235946064,7,1.534,1.16,2.774430588,16.99518731,0.403926884,0.518873364,0.807901853,17.8,5.7,14.3,124.7,,,,,,,,,,,,,
86,isophorone,,,138.1,215,-8,0.92,2.62,-83.64495398,1.4775,1.67,3.034391096,10.27057954,0.081238984,0.473991379,0.675039355,16.6,8.2,7.4,150.5,,,,,,,,,,,,,
85,cis-decalin,,,138.14,190,-40,0.885,1.788,69.89622171,1.465971297,4.6,1.25546579,9.214783421,0,0.08,0.11,17.57035986,1.487318756,1.424616753,120.903589,,,,,,,,,,,,,
84,trimethylphosphate,,,140.02,197.2,-46,1.2,2.739915808,0.85,1.3967,-0.65,4.052429229,25.49172498,0,0.77,0.72,16.8,16,10.2,99.9,,,,,,,,,,,,,
83,2-chloroethylether,,,142,178,-50,1.22,2.0653,96.47577949,1.451,1.29,3.870254735,31.59675696,0.056730102,0.25336742,0.788935997,18.8,9,5.7,117.6,,,,,,,,,,,,,
82,1-methylnaphthalene,,,142.08,245,-22,1.0202,7.411773282,0.067,1.615,3.87,0.5,9.419691886,0.217151289,0.39102975,0.484026613,20.6,0.8,4.7,138.8,,,,,,,,,,,,,
80,"2,6-dimethyl-4-heptanone",,,142.14,188.4,-3.8,0.8217,11.06760844,0.552,1.4195,2.88,2.07974734,13.22546498,0.630213186,0.572736683,0.480079588,17.25005681,5.233832647,13.53468752,127.12611,,,,,,,,,,,,,
81,nonan-5-one,,,142.14,168,-42,0.81,3.291547323,1.65,1.413,2.56,1.635588335,14.07051066,0.426152445,0.448173238,0.207255734,16,3.7,4.1,177.1,,,,,,,,,,,,,
79,decane,,,142.17,174.2,-29.7,0.7,0.838,1.43,1.4102,5.98,0.853312774,5.064558163,0,0,0.03,17.08380137,2.017043426,1.893429525,126.0447257,,,,,,,,,,,,,
76,"Hexyl acetate, n-",#9ACD32,,144,169,-75,0.873,1,3.6,1.41,2.823,1.874026033,13.59841248,0.435625589,0.377356968,0.553033601,15.8,5.2,5.7,165.3,,,,,,,,,,,,,
77,Methyl amyl acetate,#9ACD32,,144,171.5,-80.9,0.88,1.05,1.32,1.409,2.87,0.972787154,7.478948706,0.254951099,0.388219076,0.266388025,15.8,2.9,5.9,166.1,,,,,,,,,,,,,
78,n-pentyl propionate,#9ACD32,,144,147.5,-64,0.86,0.98,28.802,1.409,2.7,1.113284805,12.55257089,0.229942557,0.480745851,0.389759155,15.2,3.1,6.8,167.4,,,,,,,,,,,,,
74,isobutylisobutyrate,,,144.12,239,16.5,0.91,5.74,0.00371,1.426,3.05,1.149156027,6.286327893,0.508601942,0.422582432,0.315672724,15.1,3.3,8.2,159,,,,,,,,,,,,,
75,octanoicacid,,,144.12,148.6,-81,0.855,2.957053758,4.33,1.399,1.771892504,1.477634587,11.56467834,0.338880838,0.453263124,0.185094708,15.1,2.8,5.8,169.8,,,,,,,,,,,,,
73,nonan-1-ol,,,144.15,214,-5,0.827,11.41033198,-37.07758769,1.433,3.77,1.7,8.193835812,0.659699209,0.531523141,0.219185934,17.24735059,3.418199743,11.32526245,127.1888683,,,,,,,,,,,,,
71,"1,2-dichlorobenzene",,,145.97,173,-24.8,1.288,1.044,2.15,1.5515,3.53,2.12155126,5.02,0,0.03,0.75,18.58676122,4.650711696,8.088854482,105.274743,,,,,,,,,,,,,
72,"1,3-dichlorobenzene",,,145.97,181.5,-17,1.3,1.324,1.36,1.479229345,3.38,2.886978397,22.24967925,0,0.03,0.8,19.2,6.3,3.3,112.8,,,,,,,,,,,,,
70,ethylene glycol diacetate,#9ACD32,,146,190,-41,1.13,1.49,0.077,1.4159,0.4,2.902237273,12.3908095,0.450160873,0.446490894,0.677828711,16.2,4.7,9.8,132.7,,,,,,,,,,,,,
69,2-acetyloxyethylacetate,,,146.06,190.5,-31,1.104,1.970838322,0.0774,1.415,0.24,3.898977653,27.5932114,0.442411514,0.511833743,0.906656905,17.46312725,10.48103954,12.04010779,115.2649279,,,,,,,,,,,,,
67,Propylene Glycol Monoethyl Ether Acetate,,,146.09,160,-89,0.98,4.880200646,-38.46370951,1.407239934,0.76,3.077945447,11.74192373,0.082639933,0.647846864,0.714682654,15.6,6.3,7.7,155.1,,,,,,,,,,,,,
68,ethyl3-ethoxypropanoate,,,146.09,168.5,-34.00209108,0.95,5.337753302,21.38668444,1.440828527,1.756824984,1.382430969,11.05481951,0.280643903,0.466442577,0.400256416,17.11279889,2.631829451,7.847860819,122.1088097,,,,,,,,,,,,,
65,Benzotrifluoride,,,146.11,185.5,-80,0.836,3.554957397,27.66246146,1.453,2.430277307,1.412098299,11.93845801,0,0.38,0.36,17.3914314,1.923719432,1.887106829,125.5097424,,,,,,,,,,,,,
66,di-n-butyl sulfide,No Ranking,,146.11,103.46,-29.05,1.1886,0.5524,38.83,1.41486,3.01,2.86,9.18,0.264705882,0.419019608,0.624716981,17.5,8.8,0,122.9261316,,No Group,,,,,,,,,,,71 Ã‚Â£/L
64,bromotrifluoromethane,,,147.91,-58,-168,5.14,0.157,233.9458815,1.238,1.86,0.860244963,2.638342013,0.113596834,0.062734628,0.319044856,9.6,2.5,0,97,,,,,,,,,,,,,
63,Dipropylene Glycol Methyl Ether,,,148.11,190,-80,0.95,5.797629054,-27.36602877,1.400653719,0.896730448,2.393796843,13.00025001,0.718047761,0.643206635,0.652305512,15.5,5.7,11.2,156.1,,,,,,,,,,,,,
62,Benzyl acetate,#FFD700,,150,213,-51.3,1.06,2.3,0.18,1.501,2,2.850076161,5,0.015916393,0.248078733,0.688595565,18.3,5.7,6,143.7,,,,,,,,,,,,,
61,ethyl benzoate,,,150.07,75.5,-34,1.0465,0.19282023,130.3962021,1.505,2.64,2.239468345,6.426923154,0,0.41,0.74,17.85765552,5.150935569,4.308010732,108.1278431,,,,,,,,,,,,,
60,2-[2-(2-hydroxyethoxy)ethoxy]ethanol,,,150.09,285,2,1.1,47.8,-10.92385441,1.4531,-1.57,5.58,33.29102076,0.318824384,0.529898344,0.94965977,17.95506309,10.7026369,13.57601547,103.5638287,,,,,,,,,,,,,
59,1-phenoxy-2-propanol,,,152.08,241.2,11.4,1.0622,22.7,218,1.5232,1.5,2.112967846,13.88895002,0.740672646,0.257163884,0.609156068,17.4,5.3,11.5,143.2,,,,,,,,,,,,,
58,Carbon tetrachloride,Highly Hazardous,0,153.82,76.7,-22.2,1.594,0.91,115,1.4601,2.83,0,2.2,0,0.1,0.28,17.8,0,0.6,96.50125471,Carbontetrachloride,No Group,,,,,,,,,,,10000 Ã‚Â£/L
57,diethylsulfate,,,154.03,209.5,-25,1.2,1.79,23.38304876,1.40037,1.14,3.985767403,36.36746305,0.278336136,0.450102594,0.822750016,15.8,14.7,7.2,131.5,,,,,,,,,,,,,
56,bromobenzene,,,155.96,156.2,-30.7,1.5,1.072708405,69.40928004,1.5597,2.99,2.456703099,5.4,0,0.06,0.79,20.5,5.5,4.1,105.3,,,,,,,,,,,,,
55,1-decanol,,,158.17,230,7,0.8285,10.9,851,1.437,4.23,1.158136462,9.183813479,0.574362421,0.469555338,0.269921871,17.6,2.7,10,191.8,,,,,,,,,,,,,
54,1-acetyloxypropan-2-ylacetate,,,160.07,190,-31,1.058,-0.753036418,167.3577622,1.414,0.8,3.813186033,30.66804019,-0.098630935,0.333837462,0.907986294,18.28764394,12.21291436,1.581712266,107.5905973,,,,,,,,,,,,,
53,2-bu-xyethylacetate,,,160.11,192,-64,0.94,1.034325694,-83.99325222,1.42,1.51,2.85035054,12.09953686,0.126158808,0.435205352,0.665229683,15.3,7.5,6.8,171.2,,,,,,,,,,,,,
52,trimethyl-trimethylsilyloxysilane,,,162.09,99,-66,0.7638,1.485207493,43.57264452,1.3774,4.2,1.006933612,6.678915013,0.351401759,0.332648894,0.128878022,15.39341288,1.891091107,6.985822615,126.2769989,,,,,,,,,,,,,
49,diethyleneglycolbutylether,,,162.13,230,-68,0.954,0.0649,0.0219,1.4258,0.3,2.460040884,4.380023066,0.228282746,0.595487238,0.75317932,16,7,10.6,170.6,,,,,,,,,,,,,
50,Diethylene Glycol Monobutyl Ether,,,162.13,230,-68,0.954,0.0649,0.0219,1.4258,0.3,2.460040884,4.380023066,0.228282746,0.595487238,0.75317932,16,7,10.6,170.4,,,,,,,,,,,,,
51,1-ethoxy-2-(2-ethoxyethoxy)ethane,,,162.13,189,-44,0.91,2.917747332,0.52,1.4115,0.39,4.206520525,27.5932114,0.060402534,0.718176058,0.8265221,17.86730858,10.48103954,6.878671024,130.0916322,,,,,,,,,,,,,
48,tetrachloroethylene,,,163.88,121,-22,1.62,0.839,18.5,1.5053,3.4,0,2.5,0.089734893,0.189965286,0.758581583,19,6.5,2.9,101.1,,,,,,,,,,,,,
47,Hexafluoroisopropanol,No Ranking,,168.05,58.9,-3.9,1.596,1.58,158,1.275,1.91,2.05,16.7,1.96,0,0.65,17.2,4.5,14.7,105.2944862,,No Group,,,,,,,,,,,1000 Ã‚Â£/L
46,bis-2-chloroisopropylether,,,170.03,187,5,1.1,2.597880987,101.9430745,1.4505,2.36,3.526496703,24.71214624,0.056730102,0.184589761,0.807668561,19,8.2,5.1,146,,,,,,,,,,,,,
45,diphenyl ether,,,170.07,257,28,1.08,3.4909,0.0225,1.5805,4.21,1.527883644,5.255791857,0,0.13,0.66,18.60208191,2.093862155,5.55611039,102.4840959,,,,,,,,,,,,,
44,dodecane,,,170.2,216,-9.6,0.7495,4.693502224,0.135,1.4216,6.1,1.973796629,13.25123946,0,0,0.05,17.89291657,4.9367266,7.528123919,125.4469842,,,,,,,,,,,,,
43,dibromomethane,,,171.85,97,-52.7,2.5,0.98,21.20855412,1.542,1.88,1.884533182,6.7,0,0,0.92,18.30231842,5.21138597,6.585901101,96.95003818,,,,,,,,,,,,,
42,diethyl succinate,#FFD700,,174,217.7,-21,1.04,1.05,0.044,1.42,1.26,2.195785719,13.00894716,0.791781581,0.257211757,0.695360405,16.1,7.7,8.8,169.3,,,,,,,,,,,,,
41,dimethylhexanedioate,,,174.09,109.5,8,1.063,7.610546758,-18.84787029,1.4285,1.03,2.512527598,14.87016392,0.644525056,0.498637618,0.870680701,17.52349584,6.393122395,17.12424804,108.452345,,,,,,,,,,,,,
40,ethylcinnamate,,,176.08,147.0196689,3.925052245,1.0475,3.493818074,92.15772058,1.56,2.227446245,3.096221404,5.3,0.02131879,0.144305839,0.72725505,18.4,8.2,4.1,166.8,,,,,,,,,,,,,
39,butylbenzoate,,,178.1,250,-22,1,5.194793428,0.01,1.494,0.576156088,3.802951403,18.3072621,-0.025769522,0.640162634,0.848179974,18.3,5.6,5.5,178.1,,,,,,,,,,,,,
38,"1,2-bis(2-methoxyethoxy)ethane",,,178.12,216,-45,0.99,6.304634617,-31.36915371,1.413678043,-0.48,3.668922195,32.93885553,0.4819504,0.637246906,0.836334195,17.276797,11.57157699,12.04010779,115.5637489,,,,,,,,,,,,,
37,Hexamethylphosphoramide,Highly Hazardous,0,179.2,233,6.1,1.03,3.24,0.03,1.4572,0.28,4.19,29,0,1.05,0.87,18.5,8.6,11.3,173.9805825,HMPA,No Group,,,,,,,,,,,452 Ã‚Â£/L
36,triethylphosphate,,,182.07,215,-57,1.07,4.560656881,0.39,1.4053,0.8,3.796840107,13.2,0,0.77,0.72,16.8,11.5,9.2,171,,,,,,,,,,,,,
35,tributylamine,,,185.21,216.5,-70,0.78,0.73,0.0934,1.4299,1.52,1.177632228,2.172058011,0,0.62,0.16,16.82793602,0.38176353,4.022818925,131.7479361,,,,,,,,,,,,,
33,dipropyleneglycolbutylether,,,190.16,230,-54.00790999,0.91,4.916769174,0.1,1.44,1.5,2.012588007,9.305219838,0.674825277,0.485142483,0.619478761,15.7,6.5,10,211.2,,,,,,,,,,,,,
34,2-(2-hexoxyethoxy)ethanol,,,190.16,259.1,-33.3,0.935,8.6,21.38668444,1.447698954,1.7,1.495824422,13.84133317,0.290389564,0.428564876,0.396479671,17.11279889,2.919521827,7.243657371,124.7613953,,,,,,,,,,,,,
32,dimethylphthalate,,,194.06,284,5.5,1.19,17.2,0.00308,1.5168,1.795,2.8,32.04396507,0,0.78,0.82,18.6,10.8,4.9,163,,,,,,,,,,,,,
31,2-[2-[2-(2-hydroxyethoxy)ethoxy]ethoxy]ethanol,,,194.12,327.3,-9.4,1.12,61.9,101.9430745,1.4577,1.592109323,3.870254735,36.31789997,0.056730102,0.215489719,0.807668561,18.72783021,9.35197086,3.880175703,107.5683412,,,,,,,,,,,,,
30,benzylether,,,198.1,297.8,3.6,1.0425,8.719,46.60115166,1.5605,3.31,1.139302908,7.964196417,0.228944618,0.333921184,0.284755068,17.4,3.7,7.4,192.7,,,,,,,,,,,,,
29,"1,1,1,2,2-pentachloroethane",,,199.85,162,-29,1.68,2.49,3.5,1.5025,3.67,0.92,7.979650105,0.245291699,0.255741531,0.516100525,17.64058573,1.75515007,5.385014455,102.6515383,,,,,,,,,,,,,
28,1-tridecanol,,,200.21,274,31,0.8,7.857137227,0.000436,1.421614682,8.52,1.262085532,8.063705052,0.597145426,0.531523141,0.235306826,14.3,3.1,9,242,,,,,,,,,,,,,
27,iodobenzene,,,203.94,188.4,-31.3,1.808,0.939082131,1.06,1.62,3.25,3.476881673,31.92080363,0,0.06,0.81,18.42591349,9.084139546,2.942382184,108.2545832,,,,,,,,,,,,,
24,"2,2-bu-xyethoxyethylacetate",,,204.14,246,-32,0.985,5.220774605,-47.96409293,1.4262,2.9,1.149156027,5.103093776,0.508601942,0.422582432,0.330236628,16,4.1,8.2,208.2,,,,,,,,,,,,,
25,Butyl Diglycol Acetate,,,204.14,246,-32,0.985,5.220774605,-47.96409293,1.4262,2.9,1.149156027,5.103093776,0.508601942,0.422582432,0.330236628,16,4.1,8.2,208.2,,,,,,,,,,,,,
26,2-(2-bu-xyethoxy)ethylacetate,,,204.14,246,-32,0.985,4.384967475,21.38668444,1.4262,2.9,1.495824422,13.84133317,0.290389564,0.428564876,0.396479671,17.17078102,2.919521827,7.243657371,124.7613953,,,,,,,,,,,,,
23,2-[2-(2-bu-xyethoxy)ethoxy]ethanol,,,206.15,278,-35,0.98,7.933017133,0.0025,1.4389,0.02,1.331202374,3.925585494,0.428237296,0.691310778,0.396815415,16.69739195,0.479620739,11.22835644,114.3057803,,,,,,,,,,,,,
22,benzylbenzoate,,,212.08,324,21,1.117,8.292,224,1.56325,3.97,2.419772454,4.8,0.294333451,0.155456944,0.658296387,20,5.1,5.2,190.3,,,,,,,,,,,,,
21,Methyl laurate,#FFD700,,214,267,5.2,0.87,3,4,1.432,5.41,1.245599322,9.748208476,0.235926403,0.412654688,0.275927424,16.1,3.6,4.2,247.2,,,,,,,,,,,,,
20,"(3-hydroxy-2,2,4-trimethylpentyl)2-methylpropanoate",,,216.17,257.5,-50,0.95,4.338725139,21.38668444,1.442172896,3.47,1.495824422,13.84133317,0.290389564,0.428564876,0.396479671,17.11279889,2.919521827,7.243657371,124.7613953,,,,,,,,,,,,,
19,"1,3-diacetyloxypropan-2-ylacetate",,,218.08,258,3,1.1565,6.19234567,248,1.428,0.21,3.656157249,29.97737193,0.318824384,0.48962666,0.879887875,18.14139335,9.258065842,13.30200463,105.6043301,,,,,,,,,,,,,
18,diethylphthalate,,,222.09,295,-23,1.12,3.333732837,0.0021,1.5002,2.47,3.870254735,34.28590466,0.051327705,0.281384912,0.856700303,17.6,9.6,4.5,198,,,,,,,,,,,,,
17,dibutylsuccinate,#FFD700,,230,274.5,-29.2,0.98,4,0.016,1.43,2.9,2.534038168,10.07503585,0.708836407,0.473991379,0.675039355,16.1,7.7,8.8,238.3,,,,,,,,,,,,,
16,dimethyl-bis(trimethylsilyloxy)silane,,,236.11,66.83655137,-56.09270311,0.94,1.060826634,140.5072449,1.399,2.850644153,0.620294677,2.3,0.273494823,0.081131862,0.245406453,15.52827767,1.903820832,5.168036057,122.2496724,,,,,,,,,,,,,
15,bromoform,,,249.76,149.5,8.3,2.89,5.380196633,5.4,1.5948,2.38,1.317105065,4.5,0.223703586,0.273359294,0.545729323,21.5,4.1,6.1,87.5,,,,,,,,,,,,,
14,tributylphosphate,,,266.16,289,-80,0.98,3.39,0.00113,1.4224,4,2.786401703,8.91,0,0.8,0.65,16.4,6.3,4.3,345,,,,,,,,,,,,,
13,oleylalcohol,,,268.28,207,6.5,0.848,5.580615421,-42.49679795,1.458,1.674207802,1.292544383,7.65874921,0.253876684,0.531523141,0.233784718,14.3,2.7,8,316,,,,,,,,,,,,,
12,dibutylphthalate,,,278.15,340,-35,1.05,2.383319968,2.01E-05,1.49,4.72,3.439979437,6.4,0.015916393,0.24110099,0.776286792,17.8,8.6,4.1,266,,,,,,,,,,,,,
11,oleicacid,,,282.26,360,13.4,0.895,25.6,5.46E-07,1.46,7.73,1.44,9.246264647,0.300107705,0.450532389,0.305997161,14.3,3.1,5.5,320,,,,,,,,,,,,,
10,stearicacid,,,284.27,371,70.5,0.86,9.87,7.22E-07,1.613,8.23,1.382430969,9.570704122,0.300107705,0.450532389,0.291398377,16.4,3.3,5.5,326,,,,,,,,,,,,,
9,"2,2,4,4,6,6,8,8-octamethyl-1,3,5,7,2,4,6,8-tetraoxatetrasilocane",,,296.08,175,17.5,0.96,4.890076358,1.05,1.3968,6.74,2.497230221,16.35331025,0.501714599,0.413568642,0.669977263,16.05956813,5.378907081,13.74529841,130.1701661,,,,,,,,,,,,,
8,methyloleate,,,296.27,217,-19.9,0.8739,2.62,21.43476917,1.4522,7.45,1.531639265,15.8559378,0.309853366,0.428564876,0.381915767,14.5,3.9,3.7,340,,,,,,,,,,,,,
7,isopropylpalmitate,,,298.29,342,13.5,0.8404,6.960225782,5.59E-05,1.4364,2.196860092,1.531639265,13.40519962,0.329601803,0.448173238,0.22033241,14.3,3.9,3.7,330,,,,,,,,,,,,,
6,benzylbutylphthalate,,,312.14,370,-35,1.1,1.551713922,8.25E-06,1.5375,4.77,3.870254735,32.35127531,0.051327705,0.281384912,0.856700303,19,11.3,3.1,306,,,,,,,,,,,,,
5,dibutylsebacate,,,314.25,344.5,-10,0.938,5.902628265,27.7683997,1.4415,0.922387292,3.649499827,24.06747904,0.043825984,0.582789417,0.781054476,13.9,4.5,4.1,339,,,,,,,,,,,,,
4,tetradecafluorohexane,,,337.98,57.2,-86.1,1.6717,-0.370280971,218,1.2515,2.887526929,0.83340056,1.84148002,0,-0.08,-0.41,15.47580637,1.663582389,0.844207587,112.0457908,,,,,,,,,,,,,
3,butylstearate,,,340.33,343,27.5,0.86,5.44554682,21.43476917,1.4328,2.070921497,1.531639265,15.8559378,0.309853366,0.428564876,0.381915767,14.5,3.7,3.5,382,,,,,,,,,,,,,
2,tricresylphosphate,,,368.12,224,77.5,1.247,2.597880987,101.9430745,1.450799976,1.592109323,3.870254735,36.31789997,0.056730102,0.215489719,0.807668561,19,12.3,4.5,613,,,,,,,,,,,,,
1,"2,2,4,4,6,6,8,8,10,10-decamethyl-1,3,5,7,9,2,4,6,8,10-pentaoxapentasilecane",,,370.09,210,-38,0.9593,2.862270951,0.3,1.3982,8.06,1.349548392,9.141155891,0.296772634,0.363048359,0.298974611,15.68696708,2.99875235,5.807288722,122.1885943,,,,,,,,,,,,,
0,dinoctylphthalate,,,390.28,220,25,0.98,39,1.00E-07,1.485,8.1,2.84,15.64996023,0.092782801,0.383024377,0.68869879,16.6,7,3.1,277,,,,,,,,,,,,,
