,Molecular Weight,Boiling Point,Melting Point,Density,Viscosity,Vapor Pressure,Refractive Index,LogP,Dipole Moment,Dielectric Constant,Alpha,Beta,Pi,Dispersion,Polarity,H Bonding,Molar Volume
0,98.96,83.4,-35.6,1.2454,0.7800000000000002,78.89,1.4422,1.48,1.27,10.74,0.0,0.10000000000000003,0.81,19.0,7.4,4.1,79.46009314
1,90.12,85.0,-58.0,0.863,0.4859,48.00000000000001,1.3813,-0.20999999999999996,1.71,7.199999999999999,0.0,0.41,0.53,15.4,6.3,6.0,104.4264195
2,76.1,124.1,-85.1,0.9647,1.5440000000000005,9.5,1.4024,-0.77,2.04,16.93,0.264705882,0.419019608,0.624716981,16.2,9.2,16.4,78.87944439
3,60.05,117.9,16.6,1.0446,1.056,15.700000000000003,1.372,-0.16999999999999993,1.7,6.199999999999999,1.12,0.45,0.64,14.5,8.0,13.5,57.48841662000001
4,102.09,139.5,-73.4,1.082,0.843,5.109999999999999,1.3901,-0.27000000000000024,2.8,20.7,0.0,0.29,0.76,16.0,11.7,10.2,94.35268022
5,58.08,56.08,-94.9,0.7845,0.3200000000000003,231.0,1.3588,-0.24,2.88,20.7,0.08000000000000002,0.43,0.71,15.5,10.4,7.0,74.03416189
6,41.05,81.6,-44.0,0.79,0.34999999999999964,88.8,1.33934,-0.33999999999999986,3.94,37.5,0.19,0.4,0.75,15.3,18.0,6.1,51.96506329
7,108.14,153.7,-37.3,0.9956,0.7780000000000005,3.5400000000000063,1.51791,2.11,1.36,4.3000000000000025,0.0,0.32,0.73,17.8,4.1,6.7,108.6179188
8,78.11,80.08,5.558000000000007,0.8756,0.6040000000000001,94.8,1.5011,2.13,0.0,2.2750000000000004,0.0,0.10000000000000003,0.59,18.4,0.0,2.0,89.21128369
9,146.11,103.46,-29.05,1.1886,0.5524000000000004,38.83,1.41486,3.01,2.86,9.18,0.264705882,0.419019608,0.624716981,17.5,8.8,8.881784197001252e-16,122.9261316
10,108.14,205.3,-15.2,1.0419,5.474,0.09399999999999409,1.5396,1.1,1.71,13.0,0.6,0.52,0.98,18.4,6.3,13.7,103.7907669
11,153.82,76.7,-22.200000000000003,1.594,0.9100000000000001,115.0,1.4601,2.83,0.0,2.1999999999999993,0.0,0.10000000000000003,0.28,17.8,0.0,0.5999999999999988,96.50125471
12,119.38,61.120000000000005,-63.47,1.484,0.54,197.0,1.4459,1.97,1.01,4.800000000000001,0.2,0.10000000000000003,0.58,17.8,3.1,5.7,80.44332884
13,84.16,80.7,6.469999999999999,0.7781,0.8899999999999997,97.5,1.42662,3.44,0.6099999999999999,1.9999999999999982,0.0,0.0,0.0,16.8,0.0,0.1999999999999993,108.1619329
14,98.14,155.4,-31.0,0.9421,2.0199999999999996,5.0,1.4507,0.81,3.08,16.02,0.0,0.53,0.76,17.8,6.3,5.1,104.1762021
15,100.16,105.45,-140.0,0.86,0.5490000000000004,34.60000000000001,1.4235,1.59,1.27,4.76,0.0,0.53,0.42,16.7,4.3,4.3,116.4653488
16,128.13,227.0,-20.0,1.25,11.62,0.10999999999999943,1.4712,-0.71,4.4,3.4000000000000004,0.0,0.61,0.93,18.8,10.6,6.9,102.504
17,84.93,39.749999999999986,-95.0,1.3255,0.41000000000000014,435.0,1.4244,1.25,1.6,9.1,0.13,0.10000000000000003,0.82,18.2,6.3,6.1,64.07604677
18,74.12,34.599999999999994,-116.30000000000001,0.7134,0.22000000000000064,538.0,1.35555,0.89,1.15,4.3000000000000025,0.0,0.47,0.27,14.5,2.9,5.1,103.9001962
19,90.08,90.5,0.5,1.0636,0.6639999999999997,55.364,1.3687,0.1499999999999999,0.93,3.17,0.0,0.32,0.44,15.5,3.9,9.7,84.69217751
20,78.13,189.0,18.449999999999996,1.1,1.9900000000000002,0.5999999999999943,1.4783,-1.35,3.96,46.68,0.0,0.76,1.0,18.4,16.4,10.2,71.02618182
21,88.11,101.2,11.75,1.0337,1.1799999999999997,38.10000000000001,1.4224,-0.27000000000000024,0.0,2.1999999999999993,0.0,0.37,0.55,19.0,1.7999999999999998,7.4,85.23749637
22,46.06999999999999,78.24,-114.1,0.7893,1.0700000000000003,59.3,1.3611,-0.3100000000000003,1.69,24.55,0.8600000000000001,0.75,0.54,15.8,8.8,19.4,58.366654
23,88.11,77.1,-83.8,0.9003,0.41999999999999993,93.2,1.3723,0.73,1.78,6.0,0.0,0.45,0.55,15.8,5.3,7.2,97.86293458
24,118.13,154.0,-26.0,1.0328,2.3979999999999997,3.75,1.4124,-0.18999999999999995,2.55,13.1,0.69,0.52,0.82,16.0,7.6,12.5,114.3783888
25,88.06,248.0,36.4,1.3214,1.9299999999999997,979.0,1.4148,-0.8999999999999999,4.51,89.78,0.0,0.32,0.99,19.4,21.7,5.1,66.64355986
26,62.07,197.3,-12.689999999999998,1.1135,16.1,0.09199999999999875,1.4318,-1.3599999999999999,2.31,37.7,0.9000000000000001,0.52,0.92,17.0,11.0,26.0,55.7415357
27,100.12,205.0,-31.0,1.05,1.8600000000000003,0.3299999999999983,1.4313,-0.27000000000000024,4.709999999999999,36.14,0.0,0.58,0.88,15.5,4.7,6.6,95.35238095
28,100.2,98.38,-90.549,0.6795,0.3949999999999996,46.03,1.3855,4.66,0.0,1.92,0.0,0.0,-0.07999999999999996,15.3,0.0,8.881784197001252e-16,147.4663723
29,168.05,58.900000000000006,-3.8999999999999986,1.596,1.58,158.0,1.275,1.91,2.05,16.7,1.96,0.0,0.65,17.2,4.5,14.7,105.2944862
30,179.2,233.0,6.1000000000000085,1.03,3.24,0.030000000000001137,1.4572,0.28,4.19,29.0,0.0,1.05,0.87,18.5,8.6,11.3,173.9805825
31,86.18,68.7,-95.35,0.6606,0.29499999999999993,153.0,1.3727,3.9,0.0,1.8799999999999972,0.0,0.0,-0.040000000000000036,14.9,0.0,8.881784197001252e-16,130.4520133
32,88.15,132.5,-117.20000000000002,0.813,3.7379999999999995,2.3700000000000045,1.4075,1.16,1.7,15.2,0.8400000000000001,0.86,0.4,15.8,5.2,13.3,108.4246002
33,74.12,108.0,-108.0,0.8018,3.332,10.400000000000006,1.3955,0.76,1.64,17.7,0.79,0.84,0.4,15.1,5.7,15.9,92.44499875
34,60.099999999999994,82.3,-88.5,0.78509,2.04,45.4,1.377,0.050000000000000044,1.59,19.4,0.76,0.95,0.48,15.8,6.1,16.4,76.54612847
35,102.13,88.6,-73.4,0.8718,0.4900000000000002,60.37,1.3773,1.02,1.75,6.300000000000001,0.0,0.4,0.53,14.9,4.5,8.2,117.1516403
36,32.03999999999999,64.7,-97.8,0.7866,0.54,127.0,1.3292,-0.77,1.7,32.7,0.98,0.66,0.6,15.1,12.3,22.299999999999997,40.73480803000001
37,98.19,100.9,-126.6,0.7694,0.6870000000000003,45.99999999999999,1.4231,3.61,0.0,2.0200000000000014,0.264705882,0.419019608,-0.010000000000000009,16.0,0.0,1.0,127.6158045
38,72.11,79.59,-86.67,0.7997,0.41000000000000014,90.6,1.3788,0.29000000000000004,2.76,18.4,0.06,0.48,0.67,16.0,9.0,5.1,90.16706265
39,100.16,115.7,-85.0,0.7965,0.5499999999999998,19.89999999999999,1.3962,1.31,2.7,13.11,0.01999999999999999,0.48,0.65,15.3,6.1,4.1,125.750408
40,88.15,55.099999999999994,-108.6,0.7353,0.31900000000000084,250.0,1.3664,0.94,1.36,2.5999999999999996,0.264705882,0.419019608,0.624716981,14.8,4.3,5.0,119.8819529
41,86.13,81.0,-136.0,0.85,0.47529999999999983,81.8,1.406,0.82,1.38,6.969999999999999,0.0,0.58,0.53,16.9,5.0,4.3,101.3334118
42,114.15,225.0,8.000000000000007,1.058,1.9256000000000002,0.09999999999999432,1.472,-0.030000000000000027,2.64,37.6,0.264705882,0.419019608,0.624716981,17.8,9.5,9.3,107.8922495
43,73.09,152.8,-60.3,0.9445,0.79,3.8700000000000045,1.42083,-1.0100000000000002,3.82,36.71,0.0,0.69,0.88,17.4,13.7,11.3,77.38951826
44,128.18,246.5,-23.0,1.06,2.917,0.0,1.472,-0.030000000000000027,4.17,36.12,0.264705882,0.419019608,1.08,18.0,10.5,9.7,120.9245283
45,123.11,210.8,5.700000000000003,1.2037,1.8629999999999995,0.24500000000000455,1.5562,1.85,4.23,36.09,0.0,0.3,1.01,20.0,8.6,4.1,102.2763147
46,64.06,101.1,-28.7,1.1371,0.6299999999999999,35.8,1.3817,-0.3500000000000003,3.46,39.400000000000006,0.22,0.06,0.85,15.8,18.8,5.1,56.33541464999999
47,85.15,202.0,-25.0,1.027,1.6500000000000004,0.34499999999999886,1.469,-0.3800000000000001,4.09,32.2,0.0,0.77,0.92,18.0,12.3,7.2,82.91139241
48,72.15,36.06,-129.67,0.6262,0.2159999999999993,514.04,1.3575,3.3900000000000006,0.0,1.8000000000000007,0.0,0.0,-0.07999999999999996,15.6,0.0,8.881784197001252e-16,115.2184606
49,102.09,241.6,-48.8,1.2047,2.5,0.045000000000001705,1.4189,-0.4099999999999997,4.77,62.93000000000001,0.0,0.38,0.9,20.0,18.0,4.1,84.74308957
50,106.17,138.3,13.299999999999997,0.86104,0.5999999999999996,8.840000000000003,1.49575,3.15,0.0,2.2699999999999996,0.0,0.12,0.43,17.6,1.0,3.0999999999999996,123.3008919
51,79.1,115.25,-41.6,0.98272,0.8799999999999999,20.799999999999997,1.5092,0.65,2.19,12.5,0.0,0.64,0.87,19.0,8.8,5.9,80.49088245
52,74.12,82.3,25.699999999999996,0.7886,4.3839,40.7,1.3878,0.3500000000000001,1.31,10.9,0.42,0.9299999999999999,0.41000000000000003,15.2,5.1,14.7,93.99239158
53,72.11,65.0,-108.44,0.89,0.45999999999999996,162.0,1.407,0.47,1.7,7.580000000000001,0.0,0.55,0.58,16.8,5.7,8.0,81.01865169
54,92.14,110.6,-94.9,0.8623,0.5600000000000005,28.39999999999999,1.4967,2.73,0.35999999999999965,2.33,0.0,0.10999999999999999,0.54,18.0,1.3999999999999995,2.0,106.8539951
55,100.04,74.5,-44.0,1.391,1.7679999999999998,71.3,1.29,0.31000000000000005,2.52,8.55,1.51,0.0,0.73,15.4,8.3,16.4,71.91948239
56,18.019999999999996,100.0,0.0,0.995,0.8899999999999997,23.799999999999997,1.333,-1.38,1.86,80.1,1.17,0.47,1.09,15.5,16.0,42.3,18.105728639999995
57,131.93,74.0,-30.0,1.34,0.8600000000000003,124.0,1.4711,2.49,1.78,1.492617832397002,0.0,0.0,0.49,17.0,4.3,2.0,100.4
58,97.97,56.999999999999986,-98.0,1.18,0.4640000000000004,227.0,1.4167,1.8,2.06,10.7,0.1,0.10000000000000003,0.48,16.6,8.2,0.40000000000000036,84.8
59,95.95,32.0,-122.0,1.21,0.3301999999999996,600.0,1.4249,2.41,1.3466143830837858,5.20979407517787,0.12563854556442755,0.08350748593268337,0.6025847524973252,17.0,6.8,4.5,79.0
60,132.09,207.6,-35.8,0.9702,2.0120000000000005,0.367999999999995,1.53919,3.78,1.2639901356066399,8.495365455892369,0.19080597248998302,0.4048203729498595,0.47236192880426653,19.6,2.0,2.9000000000000004,136.0
61,145.97,181.5,-17.0,1.3,1.3239999999999998,1.3599999999999994,1.4847830123244061,3.38,2.8876887552276163,23.310605975066157,0.0,0.02999999999999997,0.8,19.2,6.3,3.3,112.8
62,74.04,78.0,-95.0,1.06,-1.3051788372244673,224.7896609883517,1.3974,-0.3700000000000001,2.309844190119402,12.928071006636209,0.0,0.45,0.69,18.1,6.6,9.3,69.9
63,134.11,183.7,-42.83,0.862,3.5999999999999996,31.350185131357662,1.4967,4.45,0.0,9.322692839653293,0.18834774541299687,0.41484662975707587,0.44319924116499854,18.0,0.0,0.5999999999999988,156.9
64,74.0,117.6,-89.0,0.81,2.5440000000000005,6.697999999999993,1.3988,0.785,1.66,10.467596974755322,0.6005796545592659,0.8243171381469798,0.39206327775651273,16.0,5.7,15.8,91.5
65,92.04,78.0,-123.0,0.89,0.4500000000000002,196.73091019309084,1.40223,2.82,1.0677378103950548,9.6,0.0,0.0,0.39,16.4,5.5,2.0,104.9
66,78.02,46.60000000000001,-122.80000000000001,0.8899,3.8652347598503107,344.4,1.3879,2.04,2.05,11.760656456631345,0.32516879942405785,0.1962325726501614,0.5327106918611508,16.0,7.8,2.0,88.1
67,158.17,230.0,7.0,0.8285,10.9,851.0,1.437,4.23,0.985864491697157,6.84458691639238,0.6134662335925827,0.349754825312731,0.2498245201058294,17.6,2.7,10.0,191.8
68,90.07,120.0,-96.0,0.96,1.8100000000000005,12.5,1.4034,0.17506694242328913,2.190975134798612,10.696016671385296,0.6776903715286748,0.5708065002073873,0.6786174820697605,15.6,6.3,11.6,98.2
69,142.08,245.0,-22.0,1.0202,7.7368319253844815,0.06699999999999307,1.615,3.87,0.5,9.737064121456843,0.225627815894823,0.41484662975707587,0.4982911288855866,20.6,0.7999999999999998,4.699999999999999,138.8
70,130.14,194.5,-15.5,0.825,7.288,-45.100808338009685,1.4295,3.0,1.1534382335899975,7.0821438604881095,0.6073395424722664,0.4551003557976947,0.2042157914449963,17.0,3.3,11.9,157.7
71,152.08,241.2,11.399999999999999,1.0622,22.7,218.0,1.5232,1.5,1.9423383865111088,11.55468696966109,0.8688763280477372,0.22718478340314252,0.5834457398634404,17.4,5.3,11.5,143.2
72,60.06,97.0,-127.0,0.81,2.2560000000000002,33.59628657339617,1.3855,0.25,1.68,13.509519001587826,0.6354083386686983,0.7962021467538714,0.50103978854038,16.0,6.8,17.4,75.19999999999999
73,200.21,274.0,31.000000000000007,0.8,11.456158762490928,0.00043599999999344163,1.428952853893002,8.52,1.1534382335899975,7.555161763456129,0.20006381481390534,0.5142302282000971,0.2305634910551269,14.3,3.1,9.0,242.0
74,204.14,246.0,-32.0,0.985,5.0270200636658435,-45.309986992425124,1.4262,2.9,1.1534382335899975,3.470926115894967,0.18904909058991434,0.42696288468234705,0.32337737289442825,16.0,4.1,8.2,208.2
75,142.14,168.0,-42.0,0.81,2.74491152415161,1.6500000000000057,1.413,2.56,1.6524191453782895,13.50780908787765,0.35652022749953594,0.45204068643445344,0.21789910571375698,16.0,3.7,4.1,177.1
76,160.11,192.0,-64.0,0.94,3.6292191687666184,-55.410598934337926,1.42,1.51,2.4597487727329526,12.50546680577511,0.3935727651433131,0.43501012397145883,0.6413694090670701,15.3,7.5,6.8,171.2
77,142.0,178.0,-50.0,1.22,2.0653000000000006,92.88856500989165,1.451,1.29,3.9320294464492287,27.163788200378974,0.1557132082255923,0.22558474896150882,0.7890406175966945,18.8,9.0,5.7,117.6
78,90.07,135.0,-70.0,0.93,5.767716104191936,5.310000000000002,1.406,-0.54,3.2615672766094823,33.811923559434234,0.37276969512031,0.6887828383024639,0.781151303136406,16.2,9.2,14.3,97.8
79,132.08,156.0,-62.0,0.98,1.3200000000000003,2.0,1.4054,0.24,2.25,11.90175712154045,0.7724758271607284,0.6343390320017119,0.6089426639020462,16.0,4.7,10.6,136.2
80,96.02,162.0,-36.5,1.16,1.5869999999999997,134.8972007008535,1.525,0.45999999999999996,3.892384292943451,41.9,0.013362222554382103,0.34167128156846355,0.9263500813119709,18.6,14.899999999999999,5.1,83.2
81,89.05,120.0,-91.0,0.99,0.7210000000000001,17.200000000000003,1.3944,0.93,3.73,27.464293838599403,-0.08145939115418421,0.43505548066186395,0.8759251981588385,16.2,12.1,4.1,86.9
82,130.14,178.5,-38.6,0.8185,5.811953825196529,0.24200000000000443,1.4265,2.72,1.6,8.361580742545048,0.696965706738367,0.5313389413179259,0.3798946129638564,16.2,4.9,11.0,159.1
83,86.07,102.0,-78.0,0.81,2.571000894808088,35.39999999999999,1.3895,0.91,2.72,14.383946019078689,0.0,0.52,0.65,16.0,7.6,4.699999999999999,107.3
84,102.1,134.0,-83.5274629214089,0.82,6.368825301645591,-31.57168215833461,1.416,1.65,1.248700292646182,8.089996492968755,0.590281651303864,0.5349353181369799,0.2205803859860438,15.8,4.3,13.5,123.2
85,71.04,221.0,-46.0,1.04,8.445710842769465,-1.9143644583448065,1.4248,-0.94,3.109884486130081,36.899421622649776,0.4356641539175433,0.5189260057815251,0.9037826325528284,17.2,18.8,17.6,68.3
86,86.0,101.9,-39.0,0.8,0.4500000000000002,37.653000000000006,1.392,0.85,2.7,17.3,0.0,0.45,0.72,15.8,7.6,4.699999999999999,106.4
87,116.08,170.0,-47.0,0.94,4.8699776690830285,-74.85522112369314,1.4232,-0.44500000000000006,3.24,20.589891304809825,0.4897778156179109,0.7201443419596432,0.8127855797340414,15.8,8.2,10.8,124.2
88,102.1,132.0,-90.0,0.81,6.368825301645591,10.210553728039116,1.41,1.43,1.2230843016022295,8.089996492968755,0.590281651303864,0.5349353181369799,0.2205803859860438,15.3,3.3,12.3,127.2
89,114.1,144.0,-74.0,0.81,0.7699999999999996,5.769999999999996,1.4062,1.72,2.2334762439139793,14.178704372060649,0.1562808669462846,0.4503156338579349,0.44222142766285943,16.0,5.7,4.1,142.8
90,44.03,20.19999999999999,-123.0,0.79,0.21000000000000085,902.0,1.37,0.63,2.69,12.003971797985287,0.5544853117094704,0.5289371733077189,0.6124813234498252,14.7,8.0,11.3,57.099999999999994
91,120.06,202.0,20.000000000000007,1.028,1.681,0.39700000000000557,1.5325,1.58,3.7078181550627516,34.0447716514238,0.04000000000000001,0.49,0.9,19.6,8.6,3.7,117.4
92,77.99,51.0,-112.0,1.11,-0.23990785408171966,287.0,1.3898,-0.4700000000000002,3.0402932630419905,38.739565938226576,-0.015608119463258935,0.17361066591594856,0.8249987037950478,15.8,10.6,3.9000000000000004,71.0
93,53.03,77.0,-84.0,0.81,2.3685035870049074,109.0,1.3911,0.25,2.792870573483553,38.0,0.17251210738457748,0.5526092932403399,0.6000058977658292,16.4,17.400000000000002,6.8,67.1
94,58.03999999999999,97.0,-129.0,0.85,1.218,25.39999999999999,1.41345,0.16999999999999993,1.7776228713453768,22.0,0.7515718161955829,0.7892879506943824,0.6154206814876687,16.2,10.8,16.8,68.4
95,88.09,138.0,-79.0,0.813,5.369752828091129,2.200000000000003,1.4095,1.51,1.7,13.9,0.7013280038122844,0.5711268736240551,0.3633500368220308,16.0,4.5,13.9,109.0
96,106.04,179.0,-26.0,1.044,0.7850814091205036,1.269999999999996,1.5455,1.48,2.326626173188374,18.0,0.1346335271647044,0.23917723741645774,0.8549981857325375,19.4,7.4,5.3,101.5
97,122.04,249.0,122.0,1.0,1.2599999999999998,0.0006999999999948159,1.504,1.87,1.0,13.505697865171413,0.5862579918779358,0.4967188210300566,0.845019759125486,18.2,7.0,9.8,100.0
98,103.04,190.7,-12.800000000000004,1.0,4.5899802172297814,0.7680000000000007,1.5289,1.56,3.6913060617738447,26.0,0.0,0.37,0.9,17.4,9.0,3.3,102.6
99,212.08,324.0,21.000000000000007,1.117,8.292,224.0,1.56325,3.97,2.8931687667563453,4.800000000000001,0.1446984840016013,0.1407596443793055,0.6741580083167226,20.0,5.1,5.2,190.3
100,312.14,370.0,-35.0,1.1,0.6966551620785131,8.249999993381607e-06,1.5375,4.77,3.4234034019197224,25.616177250738588,-0.09774829295346438,0.28090082777739434,0.8881288554183951,19.0,11.3,3.0999999999999996,306.0
101,198.1,297.8,3.6000000000000014,1.0425,8.719,-17.050090388529696,1.5605,3.31,1.111571717411682,6.105405207084308,0.1990729278086629,0.3481737271394291,0.3493670690177991,17.4,3.7,7.4,192.7
102,170.03,187.0,5.000000000000007,1.1,2.3086759761400746,98.63171890399762,1.4505,2.36,3.5057643591007546,23.44592390025862,0.1557132082255923,0.16148307387518013,0.8218655808235066,19.0,8.2,5.1,146.0
103,155.96,156.2,-30.7,1.5,-0.39144679895621515,89.18843636908574,1.5597,2.99,2.467049785675443,5.4,0.0,0.06,0.79,20.5,5.5,4.1,105.3
104,127.9,68.0,-88.0,1.93,2.885897362212316,142.0,1.4808,1.41,1.6838885995006425,7.7,0.31190674556077125,0.13095795885382788,0.5083117518384042,17.4,5.7,3.5,65.0
105,107.96,38.40000000000002,-119.0,1.46,0.37899999999999956,467.0,1.4242,1.61,2.03,4.9,0.2581378826865367,0.08350748593268337,0.6315743416096323,16.6,8.0,5.1,76.9
106,249.76,149.5,8.300000000000004,2.8899999999999997,7.6252086688818395,5.400000000000006,1.5948,2.38,1.44509293879381,4.5,0.236313432105806,0.3387935615697372,0.5322431638423921,21.5,4.1,6.1,87.5
107,147.91,-58.0,-168.0,5.14,0.15700000000000003,228.34843827457382,1.238,1.86,0.847377154010952,3.4766675257984208,0.08956434373024755,0.06473758937893476,0.32516479950223864,9.600000000000001,2.5,8.881784197001252e-16,97.0
108,132.12,171.0,-54.77850498335985,0.879,5.709221390196409,-39.701381889375156,1.4201623174355917,1.15,1.9357979003821602,12.668965238412012,0.35088719832839477,0.6259797752279596,0.5891434364359125,15.3,4.5,9.2,132.0
109,116.08,126.0,-78.0,0.88,0.6850000000000005,11.5,1.3945,1.82,1.84,5.1,0.0,0.45,0.46,15.8,3.7,6.3,132.5
110,73.09,78.0,-50.0,0.74,0.5739999999999998,92.9,1.401,0.86,1.39,2.3632290843400128,0.0,0.72,0.31,16.2,4.5,8.0,99.0
111,178.1,250.0,-22.0,1.0,6.4312628349391545,0.010000000000005116,1.494,0.6176005940771211,3.533427004311533,19.77541582179136,0.027372809859934677,0.6226619931787514,0.8532229590812861,18.3,5.6,5.5,178.1
112,130.1,146.0,-90.0,0.87,3.1651417242459443,104.97769357603973,1.401,2.1306282015938596,1.8,16.291273852156905,0.3572806661035509,0.29895318483651495,0.4784315346003834,15.7,5.5,5.9,149.3
113,340.33,343.0,27.500000000000007,0.86,7.377958593664669,7.037861866358028,1.4328,2.0406244921417804,1.5385129897631113,14.193474330735208,0.3313854773430007,0.435195546007207,0.38360681570927657,14.5,3.7,3.5,382.0
114,72.06,74.8,-99.0,0.799,0.4500000000000002,111.0,1.382,0.88,2.72,13.4,0.014467534218895572,0.48650468345864295,0.5555506039971438,14.7,5.3,7.0,88.5
115,88.05,164.0,-7.899999999999999,0.954,1.4260000000000002,1.6500000000000057,1.398,0.79,1.23,3.0,0.5592149186509631,0.6503262606931645,0.40147432433907465,14.9,4.1,10.6,110.0
116,69.06,117.0,-112.0,0.81,0.5999999999999996,66.83635443656237,1.38385,0.55,3.189829166789573,20.7,-0.06165525607155081,0.4726764074211111,0.6693600668509891,15.3,12.5,5.1,87.0
117,114.07,237.0,-1.5,1.0,6.724626927276545,0.13500000000000512,1.485746334793698,0.68,3.7650715613451062,28.79395551915647,0.004919805372110786,0.7108971111798967,0.9298620442454295,19.7,15.0,7.4,110.8
118,76.0,46.3,-110.8,1.266,0.35999999999999943,300.0,1.624,1.84,0.6383016047037089,4.029596466815345,0.0,0.07,0.61,20.5,0.0,0.5999999999999988,60.0
119,112.0,131.0,-45.0,1.11,0.7530000000000001,12.0,1.5241,2.8,1.7041091211287809,5.620000000000001,0.0,0.07,0.71,19.0,4.3,2.0,102.1
120,85.97,-41.0,-146.0,3.11,2.72078646019375,7250.0,1.256,1.08,1.7813364419139857,6.109999999999999,0.5845254029992085,0.23720795088729024,0.6276096348386546,12.3,6.3,5.7,72.9
121,93.06,184.0,-6.0,1.02,1.62,0.6670000000000016,1.5863,0.94,1.53,6.890000000000001,0.5532196659956369,0.6460590157372164,0.7673733050309609,19.4,5.1,10.2,91.5
122,100.0,161.0,23.000000000000007,0.9684,57.5,1.0,1.465,1.23,1.86,15.0,0.66,0.84,0.45,17.4,4.1,13.5,106.0
123,99.1,134.5,-17.7,0.87,2.0999999999999996,-17.207254717523924,1.4565,1.4,1.259100370829218,7.90279971528605,0.17526580862781388,0.4973850877728506,0.3406765043274521,17.4,3.1,6.5,115.2
124,278.15,340.0,-35.0,1.05,1.7445662312178412,2.0100000000411455e-05,1.49,4.72,3.4288834134484514,6.4,0.06019533528182647,0.2654380762076921,0.7840656066334619,17.8,8.6,4.1,266.0
125,314.25,344.5,-10.0,0.938,5.522138419186723,13.313638951578582,1.4415,1.7245617598979976,2.2840713281176934,16.291666480842682,0.5324185366540963,0.38445807558557066,0.6189795204143077,13.9,4.5,4.1,339.0
126,101.94,8.900000000000006,-135.0,3.57,0.3130000000000006,1360.0,1.3724,1.55,0.9298842174595563,5.34,0.08956434373024755,0.09071343830336714,0.35172534950944223,15.8,3.1,5.7,75.4
127,73.09,55.500000000000014,-50.0,0.71,0.31900000000000084,237.0,1.3864,0.58,0.9199999999999999,3.6999999999999993,0.3,0.7,0.24,14.9,2.3,6.1,103.2
128,118.06,126.0,-43.0,0.98,-0.441857035110349,109.81271055497005,1.3845,1.21,1.1,2.1036292908820773,0.0,0.4,0.45,16.6,3.1,6.1,121.0
129,162.13,230.0,-68.0,0.954,0.06489999999999974,0.02190000000000225,1.4258,0.30000000000000004,2.3748505325964753,0.6008844982429569,0.3966716981340429,0.614187336114605,0.724673536450094,16.0,7.0,10.6,170.6
130,134.09,162.0,-68.0,0.95,1.0890000000000004,-52.572049122266876,1.4097,-0.3599999999999999,3.1127303443710144,24.388097083899716,0.05863598451917729,0.6182214500214068,0.7627094573317613,15.8,6.1,9.2,142.0
131,134.09,199.0,-76.0,0.99,3.8499999999999996,-89.4480359106994,1.4273,-0.1499999999999999,2.5600778491653946,13.029450850107867,0.4874596938216722,0.6907606920089224,0.743528443994585,16.2,7.8,12.7,118.0
132,134.09,199.0,-76.0,0.99,3.8499999999999996,-79.81606728755996,1.4273,-0.1499999999999999,3.3187172576520494,29.32450443922058,0.4874596938216722,0.7207907660410036,0.8185899397237073,16.2,9.2,12.3,130.9
133,103.11,207.0,-39.0,0.96,6.661504151024297,0.23000000000000398,1.481,-1.3000000000000003,3.3187172576520494,29.32450443922058,0.4807104658092255,0.7113780067922219,0.8030389442238348,16.8,13.3,14.3,108.0
134,222.09,295.0,-23.0,1.12,3.6216332633894845,0.0020999999999986585,1.5002,2.47,3.8495223830006244,35.62007561599495,0.07121005950581752,0.2861615057035667,0.86281451694986,17.6,9.6,4.5,198.0
135,154.03,209.5,-25.0,1.2,1.79,13.415577456398807,1.40037,1.14,3.9864982979134123,31.085988402952967,0.22338919555605893,0.40933169458110086,0.7986614289480367,15.8,14.7,7.2,131.5
136,90.05,92.0,-102.05,0.8385,1.9035808291961134,60.2,1.445,1.95,0.7207288150893714,4.946007099307561,0.0,0.37,0.46,17.0,3.1,2.0,108.2
137,102.0,68.0,-86.8,0.7192,0.3799999999999999,149.262,1.368,1.52,1.13,3.9000000000000004,0.0,0.49,0.27,15.1,3.2,3.2,141.8
138,194.06,284.0,5.5,1.19,17.2,0.003079999999997085,1.5168,1.795,2.8,34.0447716514238,0.0,0.78,0.82,18.6,10.8,4.9,163.0
139,94.01,238.0,109.0,1.1880876671590825,7.9056690109234315,25.269854076267777,1.4473985710114887,-1.4099999999999997,3.570448197858675,41.68293826538445,0.36527485123200554,0.532701475456521,0.9645368278933075,19.0,19.4,12.3,75.0
140,390.28,220.0,25.000000000000007,0.98,39.0,9.999999406318238e-08,1.485,8.1,2.84,16.81668325375423,0.16257708496539675,0.37908630584396846,0.6726664101579931,16.6,7.0,3.0999999999999996,277.0
141,101.12,109.3,-63.0,0.738,0.5170000000000003,20.10000000000001,1.40455,1.67,1.07,2.9000000000000004,-0.04179797424600079,0.3697594494656035,0.21366250505536488,15.3,1.3999999999999995,4.1,136.9
142,134.09,196.62468012937384,-26.442044438522395,1.005,6.064137085385468,-79.81606728755996,1.45,0.2325192993166474,3.3187172576520494,24.010438876421787,0.5155323092140655,0.7231741767032362,0.8514149029505195,16.5,10.6,17.7,131.8
143,190.16,230.0,-52.24680822330282,0.91,5.261548153981964,0.09999999999999432,1.44,1.5,1.8218917447669822,8.75132249829872,0.7685532508751363,0.46735270728809714,0.594591708441879,15.7,6.5,10.0,211.2
144,136.13,178.0,-74.0,0.8405,5.77647875368949,1.980000000000004,1.474,4.2,1.3582232493687783,8.852144282432636,0.18543971997368175,0.43107827262588766,0.19207740033865028,17.2,1.7999999999999998,4.3,162.9
145,92.0,116.0,-48.0,1.18,4.818506838236299,16.39999999999999,1.43585,0.26,1.8,35.83692592699039,0.2247124004342864,0.5004876053802461,0.9196871206600876,19.0,10.2,3.7,79.9
146,62.02000000000001,35.0,-144.4,0.84,1.122964726633307,529.0,1.428,1.5,1.0119078736319236,8.176213189795202,0.14419356869760053,0.3873671273116624,0.3932227193075373,15.8,6.5,7.2,74.3
147,106.08,136.0,-95.0,0.87,0.6399999999999997,9.599999999999994,1.4959,3.1,0.6556195624440828,1.792623787161883,-0.09751446086363963,0.32685673485310973,0.4570817956846882,17.8,0.5999999999999996,1.4000000000000004,123.1
148,108.0,95.0,-80.6,1.1,-0.4794190354901584,56.73237588923083,1.3947,0.39397253959443423,3.372141426616629,24.27896186546955,-0.07688042839671916,0.24251346512523342,0.8005934398251072,15.5,10.0,6.8,95.6
149,176.08,146.6134660397507,3.6434240882693487,1.0475,2.940255112175107,88.9997502808582,1.56,2.272655224718296,3.0851253895485824,5.300000000000001,0.1446984840016013,0.1407596443793055,0.7431166705071085,18.4,8.2,4.1,166.8
150,60.07,117.0,8.5,0.91,0.015399999999999636,-23.769330944739224,1.4565,-1.1999999999999997,1.9,35.75363793256598,0.38614810045306713,0.7471245645264878,0.8709467312297177,16.6,8.8,17.0,67.3
151,118.1,171.0,-75.0,0.9,5.345215905220103,0.8799999999999955,1.4198,0.83,2.08,11.161059129215843,0.7365029355413031,0.6686236734765125,0.5782444282326864,16.0,5.1,12.3,131.6
152,138.07,237.5,13.999999999999993,1.1094,8.435057094780301,7.0,1.534,1.16,3.2102435838762924,18.16778484270837,0.4469948088785684,0.5316840398617259,0.8510054808750745,17.8,5.7,14.3,124.7
153,74.04,53.0,-80.0,0.92,-2.7823588514587367,245.0,1.361,0.22999999999999998,1.545799815553833,7.1,0.0,0.36,0.61,15.5,8.4,8.4,80.2
154,45.02000000000001,207.0,2.5,1.13,6.89124058785422,44.64663334098613,1.44754,-1.5100000000000002,3.4607383048762665,84.0,0.71,0.48,0.97,17.2,26.2,19.0,39.8
155,46.0,100.56,4.0,1.214,1.9660000000000002,42.602999999999994,1.369,0.54,2.6702998009335643,30.391646893823193,1.23,0.38,0.65,14.3,11.900000000000002,16.6,37.8
156,68.03,31.299999999999997,-85.6,0.94,0.3799999999999999,600.0,1.4214,1.34,0.3627592670951125,3.0,-0.09927580482267823,0.12877875517527915,0.49456844128760347,17.8,1.7999999999999998,5.3,72.5
157,98.04,170.0,-31.0,1.13,4.62,-37.873200420765,1.485,0.28,2.992098529766352,13.093940545142555,0.3864050209663673,0.5144675713354544,0.8608233272355874,17.4,7.6,15.1,86.5
158,86.04,204.0,-44.0,1.125,4.227009084401374,0.45000000000000284,1.444,-0.6400000000000001,3.82,36.899421622649776,-0.09359393065321642,0.5066489402581855,0.9645368278933075,18.0,16.6,7.4,76.5
159,116.0,116.5,-98.8,0.88,0.6899999999999995,17.775999999999996,1.4,1.72,1.87,5.6,0.09009769315832142,0.32263780202271247,0.34606457416562275,15.1,3.7,6.3,133.5
160,144.12,148.6,-81.0,0.855,3.726507369810405,4.329999999999998,1.399,1.6214963317542113,1.6337750488192957,13.579188264556507,0.3252392194055662,0.47268895825041285,0.25195664620923536,15.1,2.8,5.8,169.8
161,130.1,142.0,-79.0,0.87,0.8719999999999999,5.599999999999994,1.402,2.13,0.9725255084168409,2.5752102975597833,-0.011190269963336996,0.3438755220632699,0.265150451393935,15.3,3.1,7.0,148.8
162,138.1,215.0,-8.0,0.92,2.62,-86.18375445124055,1.4775,1.67,2.960176877077207,11.792243913756822,0.14012408047757302,0.4716510206669595,0.6876914729650423,16.6,8.2,7.4,150.5
163,298.29,342.0,13.5,0.8404,7.377958593664669,5.5900000006658956e-05,1.4364,2.100879829780192,1.5385129897631113,14.715569585641601,0.3313854773430007,0.45204068643445344,0.23317087816045762,14.3,3.9,3.7,330.0
164,108.06,202.0,12.200000000000003,1.03,2.093,0.10999999999999943,1.54,1.96,1.59,16.20470166296491,0.678337463456752,0.4967188210300566,0.8168312778106346,18.5,6.5,13.7,105.0
165,120.09,165.0,-45.0,0.86,2.7829157963553417,2.480000000000004,1.49541,3.42,1.1374392823135464,3.4000000000000004,0.17979124826599202,0.33439816985935594,0.4417505622852361,18.0,0.0,0.5999999999999988,139.8
166,98.07,130.0,-41.5,0.86,60.0,8.209999999999994,1.4445,1.7,3.112852671879473,15.4,0.16257708496539675,0.4388210876308857,0.663291458468368,16.4,7.2,6.1,115.6
167,74.0,57.400000000000006,-98.0,0.928,0.36400000000000077,21.602000000000004,1.3614,0.17999999999999994,1.68,6.699999999999999,0.0,0.42,0.6,15.5,7.2,7.6,79.7
168,296.27,217.0,-19.899999999999995,0.8739,2.62,7.037861866358028,1.4522,7.449999999999999,1.5385129897631113,14.193474330735208,0.3313854773430007,0.435195546007207,0.38360681570927657,14.5,3.9,3.7,340.0
169,87.07,129.0,-5.0,1.0,2.2300000000000004,10.099999999999994,1.454,-0.8599999999999999,1.8994279324729502,15.27250313972532,0.29,0.7,0.39,18.8,4.9,9.2,87.1
170,128.06,218.0,80.0,1.15,0.7539999999999996,0.08499999999999375,1.4003,3.3500000000000005,1.2227807256338832,6.567782650902032,0.04565473921155028,0.23129483797877737,0.5221567884743591,19.2,2.0,5.9,111.5
171,75.03,114.0,-90.0,1.05,-0.3813782435917581,20.799999999999997,1.3917,0.19999999999999996,3.65,28.0,-0.09209752496534934,0.3154907603355682,0.8419490355469792,16.0,15.5,4.5,71.5
172,89.05,132.0,-108.0,1.0,0.79,10.099999999999994,1.4018,0.87,3.5759845708200255,25.175434908027896,-0.131462866098988,0.5033664107578051,0.8793797328081643,16.6,12.3,5.5,89.5
173,99.07,202.0,-24.4,1.03,1.6500000000000004,0.34499999999999886,1.469,-0.3800000000000001,3.929414238545277,32.3,-0.07063687496382964,0.6991009412688824,0.9580505255602809,18.0,12.3,7.2,96.5
174,60.07,64.0,-58.0,0.79,1.0542349460401939,167.0,1.40753,-1.19,1.4344302709371854,19.725427514566018,0.6814041249565257,0.6648216670133201,0.5353660417673233,15.3,5.9,11.0,76.0
175,144.12,239.0,16.5,0.91,5.74,0.0037099999999981037,1.426,3.05,1.1534382335899975,6.20573912478881,0.18904909058991434,0.42696288468234705,0.309486457701861,15.1,3.3,8.2,159.0
176,282.26,360.0,13.400000000000006,0.895,25.6,5.459999954382511e-07,1.46,7.73,1.44,10.303617103452224,0.3313854773430007,0.4502026442512,0.30733117166459806,14.3,3.1,5.5,320.0
177,268.28,207.0,6.5,0.848,11.456158762490928,-47.696532829359725,1.458,1.5240697021106793,1.1534382335899975,7.555161763456129,0.20006381481390534,0.5142302282000971,0.2305634910551269,14.3,2.7,8.0,316.0
178,106.08,144.0,-25.0,0.88,3.5777477110948652,66.94108190804113,1.462336932194724,3.12,0.6299999999999999,7.885124526533121,0.2228474191879678,0.29947484246489575,0.4008016261588827,17.8,1.0,3.0999999999999996,121.2
179,130.1,149.0,-71.0,0.88,1.58,3.5,1.4023,2.18,1.3338525013773288,5.0,0.18022108698376846,0.3279997832822239,0.265150451393935,15.8,3.3,6.1,148.0
180,94.04,182.0,41.00000000000001,1.06,3.4369999999999994,45.62853895160232,1.5408,1.46,1.45,9.213573561487532,1.65,0.3,0.72,18.0,5.9,14.9,87.5
181,55.03999999999999,97.0,-92.0,0.78,0.38900000000000023,134.9084978442438,1.36585,0.15999999999999992,3.1731471493549526,24.208444859627004,0.12393443061946706,0.4709490016408028,0.6853875331416848,15.3,14.3,5.5,70.9
182,102.07,101.6,-92.0,0.84,0.5440000000000005,35.89999999999999,1.3845,1.24,1.79,6.300000000000001,0.07605274246235444,0.6692694367650406,0.3620873922439596,15.3,4.3,7.6,115.8
183,59.07,48.0,-83.0,0.717,1.8684225285776046,310.0,1.387,0.1499999999999999,1.63430729024947,15.361998646520787,0.28118115410247907,0.6531105647417168,0.4328237405524933,17.0,4.9,8.6,83.0
184,132.08,146.0,-66.0,0.969,5.345215905220103,3.9200000000000017,1.4124515402197815,0.5599999999999999,2.256727706832954,12.90365435649242,0.7432265002836513,0.6478214674121552,0.6414655955242149,15.6,5.6,9.8,137.1
185,116.08,123.0,-75.9,0.876,2.731132383378559,106.10545977997583,1.3935,2.079072717198378,1.79,4.699999999999999,0.31600872388039786,0.17691808864810674,0.40215589055570466,15.5,5.6,5.7,132.5
186,129.06,238.0,-15.0,1.09,2.997,-1.9503394705170933,1.62683,2.06,3.5750575889266942,18.16778484270837,0.0,0.64,0.92,19.4,7.0,7.6,118.0
187,110.04,280.0,110.0,1.27,8.054016244207148,0.000489000000001738,1.578,0.86,2.09,17.87745718787723,0.6123261960655497,0.5120003608829202,0.9027908153705068,18.0,8.4,21.1,87.5
188,116.08,112.0,-99.0,0.86,0.9057924945468052,34.63280764249795,1.3888,1.51,0.398193758572561,6.4993020789415805,0.15609614473793665,0.32263780202271247,0.265150451393935,15.0,3.7,7.6,134.0
189,284.27,371.0,70.50000000000003,0.86,9.87,7.219999957897016e-07,1.613,8.23,1.3582232493687783,8.149274116793546,0.22251681930172912,0.4401763874439837,0.2920593992178976,16.4,3.3,5.5,326.0
190,104.06,145.0,-30.6,0.91,0.6959999999999997,6.400000000000006,1.544,3.0,0.6755136878239167,3.2749837333706893,0.010832895806710235,0.31744397560432813,0.46706490075377116,18.6,1.0,4.1,115.6
191,100.02,261.0,119.6,1.503,9.348924985018478,0.0014999999999929514,1.471527175191303,-0.8108533608801118,3.669571076398235,41.68293826538445,0.3382284319765885,0.532701475456521,0.9645368278933075,18.6,19.2,16.6,66.8
192,120.02,285.0,27.6,1.2606,10.34,-2.461167997901441,1.481,-0.77,3.9636070994791295,35.683325046526406,0.0,0.39,0.98,18.0,18.0,9.9,95.3
193,116.08,97.8,-33.115569186727896,0.87,3.43235350810195,47.0,1.3855,1.76,1.91,12.658583447260892,0.3931871834083315,0.2316756702809988,0.32489707915472416,15.0,3.7,6.0,134.8
194,163.88,121.0,-22.0,1.62,0.8390000000000004,18.5,1.5053,3.4,0.0,2.5,0.06987608768687256,0.20791326056868398,0.7810392465118565,19.0,6.5,2.9000000000000004,101.1
195,102.0,178.0,-80.0,1.054,11.08,0.7999999999999972,1.452,0.14000000000000012,3.2831780310981475,13.093940545142555,0.31015581658419517,0.5332604961539279,0.8836956128648008,17.8,8.2,12.9,97.4
196,116.09,176.5,-1.2000000000000028,0.9687,9.893668583537323,-91.71772969093108,1.4493,0.18999999999999995,2.7520344719576317,12.498901930043763,0.4807104658092255,0.6931441026711551,0.7279774484947124,16.8,8.2,11.0,120.4
197,266.16,289.0,-80.0,0.98,3.3900000000000006,0.001130000000003406,1.4224,4.0,2.6281495587195716,8.91,0.0,0.8,0.65,16.4,6.3,4.3,345.0
198,129.91,87.0,-86.0,1.46,0.5449999999999999,69.0,1.4773,2.42,0.77,-2.9539942908873655,-0.06995249174502965,0.13424495635431966,0.4989940378461737,18.0,3.1,5.3,90.2
199,135.9,24.0,-111.0,4.74,0.010500000000000398,803.0,1.374,2.53,0.847377154010952,3.4766675257984208,0.08956434373024755,0.05535742380924291,0.32516479950223864,15.3,2.0,8.881784197001252e-16,92.8
200,368.12,224.0,77.5,1.247,2.3086759761400746,98.63171890399762,1.450325381969772,1.5772541067803454,3.8495223830006244,35.009834686635706,0.1557132082255923,0.18081597521860304,0.8218655808235066,19.0,12.3,4.5,613.0
201,182.07,215.0,-57.0,1.07,3.6408496395473824,0.39000000000000057,1.4053,0.8,4.010785793064194,13.2,0.0,0.77,0.72,16.8,11.5,9.2,171.0
202,140.02,197.2,-46.0,1.2,2.905119388299293,0.8499999999999943,1.3967,-0.6499999999999999,4.190252458474308,24.333979372262952,0.0,0.77,0.72,16.8,16.0,10.2,99.9
203,116.08,97.8,-33.115569186727896,0.87,3.43235350810195,47.0,1.3855,1.76,1.91,12.658583447260892,0.3931871834083315,0.2316756702809988,0.32489707915472416,15.0,3.7,6.0,134.8
204,204.14,246.0,-32.0,0.985,5.0270200636658435,-45.309986992425124,1.4262,2.9,1.1534382335899975,3.470926115894967,0.18904909058991434,0.42696288468234705,0.32337737289442825,16.0,4.1,8.2,208.2
205,108.06,202.0,11.800000000000004,1.03,2.093,0.10999999999999943,1.54,1.96,1.59,16.20470166296491,0.678337463456752,0.4967188210300566,0.8168312778106346,18.5,6.5,13.7,105.0
206,162.13,230.0,-68.0,0.954,0.06489999999999974,0.02190000000000225,1.4258,0.30000000000000004,2.3748505325964753,0.6008844982429569,0.3966716981340429,0.614187336114605,0.724673536450094,16.0,7.0,10.6,170.4
207,148.11,190.0,-80.0,0.95,5.5886725547342735,-16.70272457344224,1.405986212890544,0.868265805402816,2.437017447227287,14.914927976280293,0.7714744127177373,0.6599419349130132,0.6577459826092015,15.5,5.7,11.2,156.1
208,118.1,171.0,-75.0,0.9,5.345215905220103,0.8799999999999955,1.4198,0.83,2.182240419331381,11.161059129215843,0.8007237395948144,0.6686236734765125,0.5970311354382463,16.0,5.1,12.3,132.0
209,130.1,142.0,-79.0,0.87,0.8719999999999999,5.599999999999994,1.402,2.13,0.9725255084168409,2.5752102975597833,-0.011190269963336996,0.3438755220632699,0.265150451393935,15.3,3.1,7.0,150.2
210,102.07,89.0,-73.0,0.87,3.460889247383413,6.547665405220243,1.377,1.02,1.75,12.545236797089396,0.4743415927428445,0.572016737388737,0.5569722660747148,14.9,4.5,8.2,117.1
211,136.13,178.0,-74.0,0.8405,5.77647875368949,1.980000000000004,1.474,4.2,1.3582232493687783,8.852144282432636,0.18543971997368175,0.43107827262588766,0.19207740033865028,17.2,1.7999999999999998,4.3,162.9
212,120.08,193.0,-84.0,1.025,3.4800000000000004,0.25,1.4264,-1.0349999999999997,2.541433752606401,13.029450850107867,0.4874596938216722,0.6907606920089224,0.743528443994585,16.2,7.8,12.6,118.2
213,114.1,144.0,-74.0,0.81,0.7699999999999996,5.769999999999996,1.4062,1.72,2.2334762439139793,14.178704372060649,0.1562808669462846,0.4503156338579349,0.44222142766285943,16.0,5.7,4.1,141.3
214,87.07,165.0,-20.0,0.94,0.9199999999999999,-65.76376227833227,1.4358,-0.77,3.21115196396555,33.36246222740354,0.0,0.76,0.88,16.8,11.5,10.2,93.0
215,132.12,171.0,-54.77850498335985,0.879,5.709221390196409,-39.701381889375156,1.4201623174355917,1.15,1.9357979003821602,12.668965238412012,0.35088719832839477,0.6259797752279596,0.5891434364359125,15.3,4.5,9.2,132.0
216,146.09,160.0,-89.0,0.98,4.267965562197288,-70.91581175364557,1.417114685750774,0.76,2.9798511107795886,10.38193281968358,0.07407317254640591,0.5930364684567303,0.6676801599303769,15.6,6.3,7.7,155.1
217,116.08,112.0,-99.0,0.86,0.9057924945468052,34.63280764249795,1.3888,1.51,0.398193758572561,6.4993020789415805,0.15609614473793665,0.32263780202271247,0.265150451393935,15.0,3.7,7.6,134.0
218,76.0,214.4,-26.7,1.04,40.01,0.04399999999999693,1.439,-1.093,3.109884486130081,36.899421622649776,0.4356641539175433,0.5189260057815251,0.8860896865983976,16.8,13.5,23.2,72.5
219,88.0,101.5,11.800000000000004,1.0,1.1899999999999995,38.102999999999994,1.4224,0.41999999999999993,0.5525899410799384,2.25,0.06887008000542155,0.5951586361752733,0.4626716383817352,17.5,1.7999999999999998,9.0,85.7
220,104.0,157.0,-85.0,0.92,2.2799999999999994,0.9080000000000013,1.408,2.0,2.0974435442174997,15.140503328457696,0.7707378534819054,0.4376207160960607,0.5761340964056958,15.3,5.4,13.599999999999998,113.2
221,150.0,213.0,-51.3,1.06,2.3,0.18000000000000682,1.501,2.0,2.975675830204949,5.0,0.06019533528182647,0.290873948607175,0.6822819812162639,18.3,5.7,6.0,143.7
222,102.0,107.0,-92.0,0.892,30.0,28.89999999999999,1.391,1.32,1.92,11.909863181352042,0.3452559151398703,0.3750341041949249,0.5736833240203943,15.7,6.5,9.2,115.2
223,130.0,140.0,-95.0,0.77,0.6899999999999995,6.010000000000005,1.3992,3.21,1.4126709971254912,3.0999999999999996,0.0,0.46,0.27,15.2,3.4,3.2,170.4
224,230.0,274.5,-29.2,0.98,4.0,0.016000000000005343,1.43,2.9,1.8403160319836298,7.38141125628566,0.4186901149983155,0.3762254142607107,0.5949062638310175,16.1,7.7,8.8,238.3
225,174.0,217.7,-21.000000000000004,1.04,1.0499999999999998,0.04399999999999693,1.42,1.26,2.137303097252214,13.895514544894414,0.4207957755372883,0.25066531809752235,0.7217489760421784,16.1,7.7,8.8,169.3
226,116.0,121.5,-98.0,0.87,0.6299999999999999,14.475999999999999,1.392,1.7,1.8,5.1,0.0354843490697648,0.22995341038391837,0.4684191651505932,15.5,5.6,5.0,132.9
227,98.0,103.0,-138.0,0.763,0.5350000000000001,38.0,1.426,3.85,0.0,-0.00605956507145855,-0.07360911819534571,0.3697594494656035,0.19406788856272428,16.5,1.200000000000001,2.0,125.6
228,100.0,113.5,-82.16,0.8,0.4500000000000002,18.076000000000008,1.397,1.331,1.950022827951313,13.1,0.10001176547422053,0.44631664687070505,0.4986230522972708,16.0,7.6,4.699999999999999,124.9
229,102.0,99.1,-73.9,0.89,0.5,35.928,1.381,1.21,1.75,5.699999999999999,0.26962330345583524,0.3817528505434685,0.5864811374880511,15.5,6.1,4.9,115.6
230,146.0,190.0,-41.0,1.13,1.4900000000000002,0.07699999999999818,1.4159,0.3999999999999999,3.024837823526757,11.19124988051409,0.5155323092140655,0.45864684154426577,0.6786258719131502,16.2,4.7,9.8,132.7
231,92.0,290.0,18.199999999999996,1.26,945.0,0.0,1.473,-1.7600000000000002,3.570448197858675,41.68293826538445,0.3864050209663673,0.532701475456521,0.9037826325528284,17.4,11.3,27.2,73.4
232,144.0,171.5,-80.9,0.88,1.0499999999999998,1.3199999999999932,1.409,2.87,0.9245845735716338,9.378984856017706,0.22149302920692163,0.40818997781409705,0.2797156166831352,15.8,2.9,5.9,166.1
233,90.0,216.0,53.00000000000001,1.19,36.9,0.028999999999996362,1.42,0.6000000000000001,3.4774279735838807,28.48372739594204,0.4356641539175433,0.45996384866323214,0.8694886224984735,17.0,8.3,28.4,73.8
234,144.0,147.5,-64.0,0.86,0.9800000000000004,28.802000000000007,1.409,2.7,1.3850543493857552,13.115902760820546,0.223255427789552,0.4687934001380673,0.4208722594636072,15.2,3.1,6.8,167.4
235,86.0,94.0,-94.4,0.8501,0.45399999999999974,52.714,1.388,0.84,2.77,10.384875903623882,-0.07657534170944119,0.4545433550597898,0.5268081329726464,15.8,6.8,5.0,107.8
236,214.0,267.0,5.200000000000003,0.87,3.0,4.0,1.432,5.41,1.5385129897631113,13.165248903557396,0.3313854773430007,0.435195546007207,0.36833504326257593,16.1,3.6,4.2,247.2
237,144.0,169.0,-75.0,0.873,1.0,3.5999999999999943,1.41,2.823,1.8506524616628952,14.640317790196423,0.36120647731810707,0.36911968507909243,0.5533520812286679,15.8,5.2,5.7,165.3
238,106.0,144.5,-25.2,0.87,0.7599999999999998,6.608000000000004,1.503,3.12,0.6299999999999999,4.102311117131611,0.010832895806710235,0.31744397560432813,0.46706490075377116,17.8,1.0,3.0999999999999996,121.1
239,134.0,177.1,-68.9,0.86,0.7599999999999998,1.4629999999999939,1.489,4.1,0.6755136878239167,1.9234267140474905,-0.020448112287259318,0.32685673485310973,0.4570817956846882,18.0,3.5,2.7,156.3
240,136.0,176.0,-75.0,0.84,0.923,1.980000000000004,1.47,4.57,0.9148037444970105,7.459172972783081,0.13608960861151387,0.4141240783708598,0.17307639414012926,16.5,0.5999999999999996,8.881784197001252e-16,162.9
241,102.0,86.3,-80.0,0.766,0.45999999999999996,75.2,1.3862,1.55,1.2764909438158845,7.864140816075316,0.025026849092211506,0.2738492312464137,0.2587024677244375,15.2,4.5,2.5,136.1
242,101.0,89.3,-114.70000000000002,0.75,20.14,57.155,1.401,1.45,1.3096465111028297,11.874941351613877,0.0,0.71,0.14,15.5,0.40000000000000036,1.0,139.7
243,145.97,173.0,-24.8,1.288,1.0440000000000005,2.1500000000000057,1.5515,3.53,2.5137502357153196,5.02,0.0,0.02999999999999997,0.75,18.233014260870263,4.631871625521756,5.595958485244701,104.8556734261595
244,106.08,139.0,-48.0,0.86,0.5809999999999995,8.290000000000006,1.4973,3.2,0.2999999999999998,2.367000000000001,0.0,0.10999999999999999,0.47,17.22124078921375,0.23734077382190666,0.5306879088503162,122.66157986253195
245,114.03,110.15913796288945,-4.501461549663276,1.2965548996289935,1.9463021505380658,96.2107460853584,1.4676800725514196,2.4218105843664772,1.10258509887077,5.4900682356402655,0.0,0.02999999999999997,0.58,18.612850478703976,0.7096605786692916,4.174292642217561,101.19980252119485
246,135.99,101.3,-112.0,1.2686,0.6059999999999999,41.97,1.4398,2.75,0.6067197750432596,-1.1443592594078034,0.0,0.13,0.5,17.525831855908137,0.27643981934522266,-0.10670250668461989,104.96102333656879
247,107.07,144.0,-6.0,0.92,7.272975902683582,-26.145788583324858,1.498,1.68,3.88655232860245,29.084283173987608,0.0,0.76,0.8,18.66575292693324,9.02720586752386,6.977624674208587,128.80553420995602
248,127.02,209.0,-2.0,1.0,2.9157,0.20399999999999352,1.58586,1.92,2.5123493578271545,13.4,0.25,0.4,0.83,18.10961744432168,5.5621184788759575,13.713450980551858,109.28572659055436
249,80.0,129.0,-67.0,1.2,7.906465672068379,53.085568883908955,1.4419,-0.06000000000000005,1.78,28.980402011699113,1.28,0.53,0.46,17.51854267690271,9.692395057711645,17.282880058035378,60.26813992702321
250,104.04,224.5,29.000000000000007,1.081,1.5631157735084207,98.63171890399762,1.5242,0.44999999999999996,4.0740142349316155,31.656977188282507,0.0,0.29,1.2,19.23683191193979,9.505967779921793,5.70543842380879,105.48379236025679
251,114.1,151.0,-35.5,0.81,0.7699999999999996,3.8499999999999943,1.408,1.98,2.3216915960777387,10.146908844190289,0.04999999999999999,0.48,0.61,16.192752194476665,5.457611754722422,7.1449343577225095,123.60875760815405
252,88.09,87.35,-8.399999999999999,0.8096,6.2863591867918265,16.700000000000003,1.4052,0.89,1.7,11.7,0.28,0.9299999999999999,0.4,16.062740402822534,4.859288424086182,13.962156935028515,109.33454689506198
253,72.09,28.0,-160.0,0.5999999999999999,0.2140000000000004,293.4076003083698,1.3537,2.3,0.1299999999999999,4.2554367460344995,0.0,0.010000000000000009,-0.07999999999999996,15.341393523331567,1.3564430916606796,0.9046042300204657,106.0539295175598
254,117.06,233.5,-23.8,1.0205,3.195352809424315,0.08899999999999864,1.52105,1.56,3.0581218551686824,18.0,0.0,0.41,1.0,18.56974846209937,7.275140491191535,4.07886878984554,131.95273369368894
255,122.07,219.0,-27.0,1.0185,5.6936423338802395,-35.71503680676493,1.532,1.4,1.65,13.942906557039075,0.6399999999999999,0.61,0.88,17.36822078779154,5.523456782688161,15.120273875264902,115.08522642816587
256,128.0,214.0,33.00000000000001,1.245,11.55,0.125,1.5565,2.495,3.5462931514492855,30.659587138558766,1.57,0.23,0.77,18.6996384546267,8.94687970126287,9.397203800324302,105.02177356487755
257,136.09,235.5,-18.000000000000004,0.993,8.364561456507177,0.023399999999995202,1.526,1.88,3.2582727678123176,29.084283173987608,0.53,0.55,0.95,18.155147833778777,9.02720586752386,12.03534151335252,124.52777867089281
258,134.09,162.0,-68.0,0.95,1.0890000000000004,19.98359599155961,1.4097,-0.3599999999999999,3.1038217268428916,30.18379116794211,0.0,0.4,0.64,17.440647397560642,11.715933785616002,5.309064688580744,106.30749910328919
259,74.99,126.0,-44.10496047045771,1.19,-1.846103491557475,237.4022598105169,1.4225,0.22999999999999998,3.470089180073257,29.45616303171631,0.0,0.34,1.01,18.536026502385354,14.037522164285814,5.609850622537154,60.744663705686975
260,138.14,190.0,-40.0,0.885,1.7880000000000003,60.703754057826174,1.4387532164074825,4.6,1.1374392823135464,6.3261999503125335,0.0,0.08000000000000002,0.10999999999999999,17.492073391148498,0.44052000145969394,1.5118064935694626,120.57771125926526
261,84.06,131.0,-51.0,0.955,2.877759308406506,11.400000000000006,1.435,0.3799999999999999,2.93,31.58535605985102,0.0,0.52,0.76,18.587060482520926,11.674708240855331,6.858312889247075,84.90749730753095
262,142.17,174.2,-29.7,0.7,0.8380000000000001,1.4300000000000068,1.4102,5.98,0.7894198434390947,5.147741831157109,0.0,0.0,0.030000000000000027,17.117779201979488,1.927735998219016,1.7938120001364934,125.15757943580289
263,146.11,185.5,-80.0,0.836,2.24973953207287,25.112857281142723,1.453,2.5107045059047417,1.3602172456977337,7.665903691475568,0.0,0.38,0.36,17.42463529294486,1.1457014151955693,1.8367376188789786,120.48844392029378
264,171.85,97.0,-52.7,2.5,0.9800000000000004,59.81394688461818,1.542,1.88,1.953117020657868,6.699999999999999,0.0,0.0,0.92,18.329180470651654,5.723966851107378,5.216646890396257,101.83446452987883
265,118.08,121.0,-78.1,0.967492388236273,1.6312669165687312,19.927304501140725,1.455042589001473,2.84,0.9443687776439914,4.206825389999491,0.0,0.38,0.36,17.492073391148498,0.1269121960401094,2.1396845978879364,122.36068399614709
266,62.02000000000001,37.3,-98.0,0.85,0.02813812796025239,502.0,1.432,0.84,0.34395314214760964,-2.3267010048321737,0.0,0.34,0.57,17.58755867399994,0.7703668101896461,2.198119136285544,95.80457827289773
267,70.05,163.5,-41.0,0.876,3.136628101975546,38.926033285762784,1.4089,-1.0724528903540027,3.630565868206155,29.897622935904312,0.0,0.64,0.72,16.86004657361685,12.267745563391074,8.761079462348759,76.66053420718731
268,170.07,257.0,28.000000000000007,1.08,3.4909,0.022499999999993747,1.5805,4.21,2.5060529346735088,15.257758677533644,0.0,0.13,0.66,18.599250642178255,4.435742196238959,8.777406840289194,107.3961789868402
269,102.1,89.0,-122.0,0.7,-0.28274162972163275,62.5,1.3807,2.03,1.2017305909350637,3.4000000000000004,0.0,0.46,0.27,15.033535194959319,2.341305480839117,4.522819474839882,129.3006537955607
270,170.2,216.0,-9.600000000000001,0.7495,4.747286519254368,0.13500000000000512,1.4216,6.1,2.2714167587743774,14.431571461892862,0.0,0.0,0.050000000000000044,17.84019289733601,4.873558342529967,7.01940848378348,119.99010360896835
271,122.07,172.0,-30.0,0.22399999999999998,4.2389,1.5600000000000023,1.5076,2.51,1.8151808968722265,4.5,0.0,0.3,0.69,17.853408929032565,3.237306144371,5.334557616093136,119.70498929484125
272,150.07,75.5,-34.0,1.0465,-0.4012199038818238,120.0771010938879,1.505,2.64,1.9881196328575554,4.814054442887073,0.0,0.41,0.74,17.822278046633762,5.02906404524525,3.1353090639412162,111.84724323362164
273,122.01,144.2,-26.0,1.01,2.9299999999999997,53.226127327320924,1.4227,1.4441787103303594,2.7650929113943485,11.6,0.0,0.35,0.7,18.247861746435497,7.416992723982364,-0.36635656799226624,119.74279185089097
274,130.1,223.0,-7.5,0.9175,3.4000000000000004,0.010699999999999932,1.423,2.42,1.1534382335899975,2.5,1.2,0.45,0.5,17.229925073854996,1.0835868166869016,8.2805094715614,126.4683691711714
275,116.08,205.0,-3.0,0.9255,3.2300000000000004,-31.169921804514942,1.4165,1.88,2.1160876407764935,14.268389414182613,1.22,0.45,0.52,17.343756411500074,5.467006374531464,11.993176033471677,124.48310869458014
276,102.1,157.0,-44.6,0.8185,0.5919999999999996,0.9279999999999973,1.4175,2.03,0.8993809916835,0.9962166162848938,0.8,0.84,0.4,16.53452743343615,1.5708367632568443,7.830387221957018,128.3175925869876
277,203.94,188.4,-31.3,1.808,0.3694849414097572,1.0600000000000023,1.62,3.25,3.4234034019197224,25.274251379522013,0.0,0.06,0.81,18.474230015898918,9.458810232394091,1.2942399108295612,108.75774018344889
278,60.02,32.0,-100.0,0.98,0.3249999999999993,585.7,1.3433,-0.20999999999999996,1.3793026482555917,8.5,0.0,0.37,0.62,15.763663771122424,7.455420038831242,7.652318939901422,56.561938032979214
279,115.1,185.5,20.000000000000007,0.913,5.7893961193656045,-33.019919982144,1.4374,0.3400000000000001,3.7254924841129453,28.79395551915647,0.0,0.78,0.84,18.66575292693324,9.282449504991522,8.814760607664386,123.84668503132364
280,121.09,193.0,2.5,0.96,1.2999999999999998,0.7000000000000028,1.5582,2.3,2.8935388129485755,15.691709033046292,0.0,0.43,0.73,18.248798431768257,7.355466657452526,3.4507780116050233,130.91965224275023
281,135.1,180.0,-75.0,0.9,6.408397275197549,-43.96983083329651,1.4477803809533134,1.91,1.6928967885543977,3.3102389587063623,0.0,0.64,0.45,17.130412249193792,1.6816442369874096,6.931221072306301,127.67959339883363
282,127.14,163.5,-60.0,0.85,6.408397275197549,-43.96983083329651,1.4477803809533134,2.01,1.6928967885543977,4.6596615973736775,0.0,0.84,0.22999999999999998,17.001468475454327,1.6816442369874096,6.931221072306301,130.47648883848944
283,73.05,205.0,28.000000000000007,0.9371,8.040772851025334,47.58370274839711,1.4301,-1.0500000000000003,3.109884486130081,41.68293826538445,0.47,0.8,1.01,17.67693444047206,13.513530976538991,14.755058042833562,69.45978465554786
284,107.07,195.0,-57.0,0.989,1.766,-2.8205999544716036,1.57367,1.7,2.919038280711314,6.0,0.17,0.47,0.82,17.303018031921415,6.088278371232,2.582990323479752,128.98600796052597
285,59.03999999999999,182.5,-3.0,0.9961,7.770576006055264,50.062575183044245,1.4319,-0.06240000000000001,3.109884486130081,182.4,0.62,0.8,0.9,17.67693444047206,13.513530976538991,14.847494181994751,69.45978465554786
286,114.14,126.0,-56.8,0.7,0.5151000000000003,14.099999999999994,1.3974,4.59,1.067088378377047,7.4071350359835,0.0,0.0,0.010000000000000009,15.490236964369252,3.11867660993849,1.7160316389271042,126.43478542909004
287,86.07,88.0,-49.2,0.8814,2.1858436132116665,134.86853580304145,1.4211,0.95,1.2605916573847902,2.4000000000000004,0.0,0.54,0.51,17.085928364421637,2.440734521798719,3.735583278220461,107.91927654079413
288,102.07,186.5,-34.5,0.9375,2.3,-15.082917721836125,1.4095,1.39,2.1160876407764935,14.01786792804465,1.19,0.45,0.54,16.26436500730827,4.99607829205546,12.01960137205769,121.14937784117987
289,85.09,106.0,-7.0,0.86,6.813257501125498,32.10000000000001,1.452,0.84,1.2859755323197266,5.9,0.0,1.04,0.3,17.24283120623355,0.7819765820456537,6.721361154763777,111.73555276380553
290,74.04,141.0,-21.000000000000004,0.99,1.0199999999999996,3.530000000000001,1.3865,0.33000000000000007,1.7171554830041005,13.816283097252498,1.12,0.45,0.58,15.516405200027716,5.782923974239808,17.42979237241878,85.98038298374757
291,107.05,89.0,-63.0,0.85,6.1472,62.7,1.443,0.45999999999999996,1.3649691224730267,4.553612669779412,0.16,0.7,0.39,16.532307556448465,0.43488978431809233,6.303237002119258,117.51087953872923
292,337.98,57.2,-86.1,1.6717,0.04051840437006149,218.0,1.2515,2.9097505669071047,0.8395184441099888,2.906014107367181,0.0,-0.08000000000000002,-0.41000000000000003,15.433423252072586,1.7048734811463495,1.4405192692255255,110.90736484536505
293,88.07,26.599999999999994,-99.06,0.641,0.13545414230073582,718.0,1.3587,3.24,0.4567275710866521,1.9209999999999994,0.0,0.020000000000000018,-0.08999999999999997,15.314210439102876,1.3564430916606796,0.4792113954100099,121.39430315512979
294,88.03,120.0,-96.2,1.0,0.3216817139751065,122.66034053261725,1.5048,1.8,0.9772802701680788,-0.9376700658495913,0.0,0.44,0.62,17.506949563738583,1.2187054484137105,0.5769251807583595,115.00108956515477
295,95.95,55.0,-49.8,1.27,0.41000000000000014,331.0,1.4454,2.0,0.0,-2.765836161804817,0.0,0.0,0.44,17.679789534760996,1.0540617038961084,0.2024386791276198,94.56301461725558
296,185.21,216.5,-70.0,0.78,0.7300000000000004,0.09340000000000259,1.4299,1.52,1.2424263275841176,2.137590286344105,0.0,0.62,0.16000000000000003,16.865667275011102,0.36887312394953486,4.101772033665352,132.9068142110581
297,114.1,125.4,-69.0,1.3255196747615292,1.1972372444021797,61.751910005223166,1.4561142098040902,1.86,2.73,12.5791285370539,0.16010364853488063,0.16557043017690576,0.6840771428741346,17.93129506371896,5.430050735995846,-0.6058181735666217,105.5505653555791
298,86.11,60.0,-153.0,0.6555,2.8863766742066055,211.0,1.3715,3.2,0.6121094634989821,6.602078813503953,0.3260721360424707,0.27129132860507926,0.11103353827093226,15.323407425594665,1.0277846062710418,6.890748191053924,113.60501081614909
299,100.09,106.1,-52.5,0.7229,2.4700000000000006,31.5,1.3952,1.2,0.9084807904235288,12.8,0.6591994192922301,0.8239091154815656,0.2502639276226541,14.982049201749437,2.6703894075300028,11.560035761531378,112.56045052946875
300,106.06,245.0,-6.5,1.12,0.3000000000000007,0.0049999999999954525,1.4472,-1.4700000000000002,5.49,28.75683643254796,-0.18855437925847762,0.5002908892310551,1.0021271932118472,18.138171632602802,10.935381799474715,8.189275669656203,108.17121205335633
301,162.13,189.0,-44.0,0.91,3.2434339194898234,0.519999999999996,1.4115,0.3900000000000001,3.7827506068691905,26.48658437684759,-0.048547618761534295,0.6788891834413572,0.8523233978794766,18.200600734229546,10.426578678488765,7.122906490946925,123.84668503132364
302,116.08,118.0,-99.0,0.87,0.6760000000000002,17.799999999999997,1.3905,1.6,1.87,12.998839795842025,0.07675629129291797,0.33075078653176926,0.5111632629348172,15.557245520480615,5.283313204004621,4.719748795509004,121.22375345585951
303,102.07,89.0,-73.0,0.87,3.704345896897583,-5.848883179281955,1.377,1.02,1.75,13.070253570000947,0.9063259733944662,0.6097627889159278,0.5905038123351694,15.192957299817943,4.961464300362563,17.110522176959485,110.64782363766003
304,128.16,150.8,-51.0,0.72,0.6696,4.450000000000003,1.4058,5.65,2.2004855550886644,13.0720709643939,0.08804252197605,0.5428803486809259,0.4884173592646841,15.834789999718108,4.840968873798512,7.365466967070906,128.46600263081496
305,88.09,116.0,-8.0,0.8,8.584203557489278,76.66001012056867,1.3764374926807394,1.21,0.7452827478954316,10.32953587892764,0.7921178643945854,0.6613680026770243,0.2192980965653838,15.459629804562622,2.8577280669894156,12.390955580311708,114.84236892533112
306,194.12,327.3,-9.399999999999999,1.12,61.9,-1.9503394705170933,1.4577,0.37091439747282307,3.0912214083059117,17.87745718787723,0.395139531583724,0.5238477369051462,0.8883320947767614,17.596665411245713,7.23281653138787,12.42270856840668,114.69466174063623
307,150.09,285.0,2.000000000000007,1.1,47.8,-1.9503394705170933,1.4531,-1.5699999999999998,5.58,34.10802108195525,0.395139531583724,0.5420816410262128,0.9298620442454295,18.038779539746454,10.7251026987655,13.602580996441032,104.43524543478499
308,178.12,216.0,-45.0,0.99,2.833854220346158,-28.325039104620643,1.3982408898618455,-0.48,3.7431715296370296,35.554518786710815,0.12153044331641058,0.58346822984317,0.8494355162217522,15.827956286236386,11.566123797045304,9.352974860265435,105.60487513174152
309,112.09,165.1,-14.0,0.93,8.270752816500941,-33.019919982144,1.447,0.47497495488258346,2.7403675895597273,17.87745718787723,0.360317688178884,0.7350188088569953,0.8399561360500765,17.596665411245713,7.23281653138787,12.330272429245493,119.56892949226044
310,130.06,180.8,-45.0,1.025,2.3735433368305427,-4.679113775872466,1.4195,0.27,3.756050227399929,15.9,-0.013725775356694309,0.6294416114619311,0.8883320947767614,17.65848231707897,8.376945704885111,6.8412458484613925,124.87976648226235
311,93.06,128.5,-70.0,0.95,7.6580470987284635,11.200000000000003,1.4957,1.1,0.9823820969322518,2.9157185916851702,0.5432240912336569,0.7303871008334148,0.3718466825798164,16.738535213099137,0.4435627062742906,9.752945442579554,113.55577358411466
312,113.99,72.0,-15.0,1.5,2.2597220585273012,103.50265105114622,1.285,-2.0999999999999996,3.233555435293934,39.0,0.8203928850839177,0.2500067289898361,0.782534590238245,16.494704397714994,12.361748166455637,11.983330814453044,90.94662051534235
313,132.08,188.5,-26.4,1.06,1.6472782285899816,37.53381294723147,1.4511964669802204,1.3492253114358717,1.5847034884880424,9.460539241344808,0.29522583794889423,0.29846520215972827,0.36962874136968527,17.554474172624573,2.843423939651458,6.557143095861392,100.25372095595392
314,136.13,178.0,-74.0,0.8405,2.8030138415017856,1.980000000000004,1.474,4.2,1.5141626150146998,10.80558922567442,0.29430837801495335,0.44110452943310396,0.1743844543842194,16.89430959172754,2.7964073237442775,7.3063492919442465,123.13350080282773
315,95.95,55.0,-80.0,1.27,8.600082624753835,200.0,1.4435,2.0,1.9,3.3730096848062043,0.2611276567179515,0.18487635821101758,0.380355423813004,17.478767689577264,2.237837173040467,8.363208271828904,89.62697120354338
316,100.09,127.0,-57.0,0.81,0.6200000000000001,11.599999999999994,1.4024,1.38,2.68,12.205486042442052,-0.05285156117145973,0.4202590726854578,0.49292031603949177,15.315493289041143,6.7655744019267186,0.797701568808475,114.65155117807055
317,88.05,81.0,-92.9,0.9,7.674918956750318,52.582040015531256,1.3765,0.83,1.9,7.8999999999999995,0.7850869515536085,0.5393973536042829,0.4090922178226197,15.2423855671639,4.272256560136757,12.061076854533358,101.00280864720743
318,174.09,109.5,8.000000000000007,1.063,7.544154195629177,-7.135892250519092,1.4285,1.03,2.6368227472126895,17.168538577580417,0.43799380896276485,0.5001428064120547,0.8883320947767614,17.596665411245713,7.23281653138787,12.42270856840668,114.69466174063623
319,130.1,142.0,-79.0,0.87,0.8719999999999999,5.599999999999994,1.402,2.13,0.9201589108330184,8.785890228514273,0.022277458748477696,0.3217330103307824,0.26299516535667206,15.466488447673594,2.8049930096270894,2.675436630309017,123.38282898725684
320,146.06,190.5,-31.0,1.104,-0.6846981479516465,0.07739999999999725,1.415,0.24,3.871931843536693,27.46006922511667,-0.16610137477065395,0.3922451131057685,0.9823394572622044,18.342104344193338,12.382408925414651,3.859283839910522,106.72497617664672
321,106.06,100.6,-22.174846911349086,0.9676,4.392900701224347,49.34302676332956,1.3773,2.2022741897434006,0.6453839129044294,7.479042270043869,0.3481941446435999,0.2427924862931127,0.2578711707438783,15.851773024623842,2.065645719784932,9.114460122378913,116.83820566650824
322,100.05,140.0,-23.0,0.975,0.5999999999999996,-77.2343147016441,1.4494,0.3999999999999999,0.8459193259080537,-0.46399860662742576,0.2843126503830671,0.6833150911396659,0.45846770085879185,16.73658739948312,1.1934595633312064,9.802123405822366,108.59692440548227
323,88.05,80.00000000000001,-88.0,0.915,2.9580601549960264,158.0067580099415,1.3765,0.82,1.7,5.4,0.8363167338309239,0.46897515051377925,0.3544666398438833,14.901771011438884,2.724703801873058,12.422706031022464,105.67194416271654
324,102.07,102.5,-95.0,0.8945,3.508897055764548,46.89167480994107,1.388,1.29,1.72,5.6,0.7364873821167555,0.24553879648087798,0.25706741213716944,15.355917602517561,2.9293023050956988,10.158514021532023,119.81597185642966
325,142.14,188.4,-3.799999999999997,0.8217,5.298910954255024,0.5520000000000067,1.4195,2.88,3.4124877886773435,27.581562053121253,0.08792333670217403,0.5376734745428853,0.6181043658954245,18.224702029259895,9.173503306489556,6.376315107851614,129.35573969002274
326,80.04,140.7108777707532,22.000000000000007,1.2000644292708849,4.16222282534083,154.40154979250556,1.3685094553831827,-0.3999999999999999,3.5618234166330893,45.7343877303814,0.7499070825311418,0.3079911611123738,0.8040381937609948,16.3350580661347,15.035247676446069,13.045904254908864,55.24357391907422
327,70.08,49.0,-94.0,0.75,0.4400000000000004,317.8,1.4065,3.0,0.0,2.057160305126528,-0.03830067476745247,0.22766720689865969,0.16238107201705565,16.26273343223982,1.521526403095768,-0.8127147389624731,100.53507797073719
328,144.15,214.0,-5.0,0.827,12.638684799803809,-45.100808338009685,1.433,3.77,1.7,8.480381279520097,0.7221004568949023,0.5255225588881983,0.2329846645628571,17.21911012331167,3.484432658694654,12.759839996370047,121.52959778391713
329,116.12,175.0,-34.0,0.8225,1.8214179958429906,0.21630000000000393,1.425,2.62,1.5141626150146998,11.425549052537955,0.3255893861089231,0.45204068643445344,0.18436755945330247,16.89430959172754,2.9211816414697505,7.7277254534793975,123.13350080282773
330,108.07,295.0,1.0,0.97,2.5999999999999996,0.0006800000000026785,1.438,-0.32000000000000006,3.3187172576520494,34.10802108195525,0.360317688178884,0.7251534764672176,0.8814860855187445,17.816293807217576,10.7251026987655,13.510144857279844,109.3095131864092
331,84.0,84.0,-38.0,1.06,0.6210000000000004,164.50811711014802,1.52684,1.81,0.47579845908051444,5.292480935790827,-0.06463195301841257,0.09877462292029082,0.5304807464380065,17.828380717887452,3.5473299645797014,2.579039306352807,80.44692529546667
332,67.04000000000002,130.5,-24.0,0.96,4.1123,12.55819065329814,1.5085,0.75,2.3512450776434255,7.1716256980891515,0.6550673606660207,0.5967420306286082,0.6621561157893845,17.352254354830656,4.715829374881787,13.732542510181354,92.34316679367535
333,101.12,151.4815004726593,-62.42760007410469,0.75,2.8030138415017856,3.8904324636020675,1.447965450850781,2.351460675957546,1.5141626150146998,10.80558922567442,0.29751677071652977,0.44110452943310396,0.1743844543842194,16.89430959172754,2.7964073237442775,7.3063492919442465,123.13350080282773
334,134.11,183.3,-87.9,0.8601,0.9500000000000002,1.1991443220969984,1.4898,4.38,0.7821704157371765,7.957174158238047,0.13029351737743622,0.39727893794361335,0.29846117985915516,17.06115583816095,1.1233804400552163,1.5070603402620613,113.71468880795965
335,121.09,205.0,-63.0,0.96,17.16,45.757106325506065,1.5559,2.16,1.1374392823135464,5.9,0.17517516137428096,0.3438109291081376,0.2689018628240174,17.21385961689956,0.3905747445863659,1.3707866066792498,116.29995572020206
336,107.07,185.0,10.0,0.98,1.7800000000000002,0.6620000000000061,1.5401,1.09,1.38,4.6,0.6753234294345325,0.6973792925156066,0.39952273360333035,17.229925073854996,1.8792265222750544,11.539759744898191,123.40183785977042
337,120.09,152.0,-96.0,0.86,0.7370000000000001,4.5,1.4915,3.66,0.6556195624440828,1.9234267140474905,0.00546664329040894,0.32685673485310973,0.3060024497796378,17.22124078921375,-0.1584641220168752,1.1347291629155203,122.66157986253195
338,84.09,71.8,-139.8,0.7486,-0.11722979310076376,138.0,1.4097,3.37,0.35612896955751006,2.057160305126528,-0.03830067476745247,0.22766720689865969,0.16238107201705565,16.46493219993392,1.521526403095768,-1.238107573572929,100.53507797073719
339,136.05,199.0,-12.0,1.0855,8.28685378945829,0.37999999999999545,1.5165,2.12,2.53,6.6,0.755960078410624,0.3166876746511622,0.5458440212384204,18.2888404029451,3.476742189352383,11.552873613674754,102.88968241467967
340,88.05,153.5,-47.0,0.946,1.1259999999999994,1.8100000000000023,1.3935,0.88,1.09,2.700000000000001,0.5592149186509631,0.6251266297214615,0.40147432433907465,14.894877784342652,1.426611086131511,11.048476461926693,113.76471303144109
341,131.93,114.0,-36.0,1.44,1.6899999999999995,23.0,1.4711,2.35,1.1294295022780834,5.397438635294263,0.2202060386277487,0.26720122531195456,0.37395158541562523,17.436345349428436,0.5147418566822131,6.526477863788742,102.4662405343874
342,73.09,68.50000000000001,-85.0,0.734,-0.754549742816101,138.0,1.394,0.73,1.27,4.5,-0.06847620818841083,0.45548909510645375,0.25895310225131424,15.042873226941342,2.3951963694373894,2.955035991172794,104.4827119193862
343,199.85,162.0,-29.0,1.68,2.49,3.5,1.5025,3.67,0.9199999999999999,2.855338943369137,0.17869205564630153,0.3481737271394291,0.528634896237701,17.383419282102423,0.09885809525487677,1.8641441428149523,102.4662405343874
344,73.09,45.0,-72.65,0.6958,4.7037048547433375,372.0,1.3784,0.3999999999999999,0.6803660342392992,7.444510797963449,0.6923198638075166,0.6448844087679578,0.2458005937548718,15.147437779279587,2.1551588759801703,11.846779831728352,92.28227795008938
345,76.05,188.2,-59.0,1.04,0.5809999999999995,82.27524240634202,1.4324,-0.9199999999999999,3.63,34.53234267174986,-0.19818810597614228,0.36790909012207784,0.967238945931339,18.317182158018497,13.549352825880684,5.609850622537154,60.84839511555013
346,160.07,190.0,-31.0,1.058,-2.1092786917037003,167.12743054627313,1.414,0.8,3.6792943460172873,26.84982829575742,-0.05335031361679332,0.28443237216827055,0.9330179465200981,18.60929015463424,12.34601036682625,2.5677552342967997,104.94200343976492
347,128.21,75.0,-43.544588824579535,0.9074,19.0,2.549999999999997,1.4278683798952785,2.4811120351393234,0.8601643252691937,5.953908095302621,0.23458916997824444,0.27641373773681827,0.2851950791481317,17.21385961689956,0.4645586790382312,6.384699087029304,117.34397241010292
348,162.09,99.0,-66.0,0.7638,2.669840009352974,21.690852818288832,1.3774,4.2,0.7082173480136464,7.271320705379831,0.30910680502721555,0.37663685909004296,0.16870292572374884,15.288479504313926,1.7712289053933903,8.680561345299074,126.08720935855499
349,236.11,61.274487007690325,-102.29277946794842,0.94,0.04051840437006149,220.35238655385473,1.399,3.0746656416609364,0.6348179511748622,2.3000000000000007,-0.0018755875413589973,0.11403841881802457,0.2710471181060672,15.557675062572887,1.6932777057933013,0.38754561414883604,126.52405276806152
350,296.08,175.0,17.500000000000007,0.96,4.927219901081321,1.0499999999999972,1.3968,6.74,3.372178923427496,27.196161365249715,0.5431932961839133,0.42280969996528084,0.7112077994643421,16.274490919722336,8.981780147241295,9.984884319083982,128.73848640879714
351,370.09,210.0,-38.0,0.9593,-0.29345393612822157,0.29999999999999716,1.3982,8.06,1.7942224295149813,14.164988184510879,0.11914463570022145,0.3686333215087924,0.6397273010561045,15.719730216462931,6.687905289750335,6.0827827172872855,112.8980491831079
352,190.16,259.1,-33.3,0.935,8.6,-46.56146407592412,1.4423019614464616,1.7,1.1906495074759373,2.8235136607971256,0.18325299935583664,0.42696288468234705,0.34107031884885913,16.852198474944853,0.3317672832446519,2.0839139532634814,127.20732521815236
353,134.09,199.0,-76.0,0.99,3.8499999999999996,-36.28420144160283,1.4273,-0.1499999999999999,3.7254924841129453,29.32450443922058,-0.04500678345066389,0.708513700517664,0.8970370810186173,17.949172301461896,10.204158839130349,8.042160747646454,113.58726872547241
354,204.14,246.0,-32.0,0.985,2.7230014912284366,3.8904324636020675,1.4262,2.9,1.5141626150146998,10.076126413870638,0.3255893861089231,0.41484662975707587,0.3212825828992162,17.213260831259337,2.4545958729074373,6.929885848004624,122.19673954490467
355,104.08,150.5,-90.0,0.91,4.682519933186413,2.9000000000000057,1.412,0.08000000000000007,2.7435533051230965,13.2910929471409,0.09868860366591956,0.5456099375728174,0.7150590038062548,16.975204174916215,7.626171857289481,6.612401658438204,111.52626670030128
356,132.08,146.0,-66.0,0.969,7.850950746009374,3.9200000000000017,1.433222042930911,0.5599999999999999,1.2138827234297298,2.625390936854032,0.5167840967051853,0.7231644800539189,0.376219446823291,16.66125133018793,0.46223660298684077,10.080895154631632,120.56184796869942
357,118.1,150.2,-36.10478956660325,0.8886,0.8082602415115065,2.2125000000000057,1.413,2.3231151119933835,2.140745366146598,9.288930388923673,0.18726784038559144,0.3008232705060236,0.7065269602675094,17.461103791718244,6.616607576873744,4.749223412767336,111.79465824462683
358,146.09,168.5,-26.456088404257553,0.95,1.7514293438030384,25.112857281142723,1.4511713221713884,2.2774806524138347,1.2639901356066399,8.495365455892369,0.19526058603865154,0.4048203729498595,0.3212825828992162,17.331988440095696,1.6566564726588648,1.468761024644806,113.41379294157477
359,216.17,257.5,-50.0,0.95,3.7045973368872316,3.8904324636020675,1.447965450850781,3.4700000000000006,1.5141626150146998,10.076126413870638,0.3255893861089231,0.4242593890058575,0.3289319277425132,17.023253365467006,2.9211816414697505,7.242091797614339,120.33660536317193
360,206.15,278.0,-35.0,0.98,7.850950746009374,0.0024999999999977263,1.4389,0.020000000000000018,1.2138827234297298,2.625390936854032,0.5448567120975785,0.7137517208051372,0.38620255189237396,16.590189741776868,0.5870109207123138,10.843455777840063,112.06755483088966
361,218.08,258.0,3.0,1.1565,3.488193725792182,248.0,1.428,0.20999999999999996,3.669571076398235,28.738922114007018,0.4796426803034985,0.44853228045226357,0.8983136020513753,18.25762388411331,9.502223340745758,10.81147034171811,104.41739586594464
